===============================================
 PFSP :: TS vs GA vs SA
 Instancias (bloques) : 30
 Series               : ['TS/TSc', 'TS/TSattr', 'TS/TSr', 'GA/GAS', 'SA/SAS']
 Corridas por serie   : [1, 1, 10, 10, 10]
 Evaluaciones/corrida : 50000
 Referencia de calidad: opt/optimums.txt (mejor valor conocido)
===============================================
[PFSP] START 150 celdas (30 instancias x 5 series), 50000 evals

-------- instance ------ ta001  (n=20, m=5)

---------------------- TS --- TSc

 Experiments to TS
 0


:: Metaheuristic :: TS---TSc[50000]  
:: N. Experiment.:: 1
-----------------------------------
:: Better fitness :: 1286.0
:: Average        :: 1286.0
:: St. Deviation  :: 0.0
:: Better Solution in the experiment :: 1
:: N. Better Solution :: 1
 2 16 8 7 14 13 10 15 12 18 5 3 4 17 0 1 9 6 19 11  ::: 1286.0

 2 16 8 7 14 13 10 15 12 18 5 3 4 17 0 1 9 6 19 11  ::: 1286.0
[PFSP] CELL 1/150 ta001 TS/TSc best=1286 mean=1286.0 gap=0.63% | elapsed 0:00:07 | ETA 0:17:59

---------------------- TS --- TSattr

 Experiments to TS
 0


:: Metaheuristic :: TS---TSattr[50000]  
:: N. Experiment.:: 1
-----------------------------------
:: Better fitness :: 1286.0
:: Average        :: 1286.0
:: St. Deviation  :: 0.0
:: Better Solution in the experiment :: 1
:: N. Better Solution :: 1
 2 16 8 7 14 13 10 15 12 18 5 3 4 17 0 1 9 6 19 11  ::: 1286.0

 2 16 8 7 14 13 10 15 12 18 5 3 4 17 0 1 9 6 19 11  ::: 1286.0
[PFSP] CELL 2/150 ta001 TS/TSattr best=1286 mean=1286.0 gap=0.63% | elapsed 0:00:14 | ETA 0:17:35

---------------------- TS --- TSr

 Experiments to TS
 0
 1
 2
 3
 4
 5
 6
 7
 8
 9


:: Metaheuristic :: TS---TSr[50000]  
:: N. Experiment.:: 10
-----------------------------------
:: Better fitness :: 1297.0
:: Average        :: 1301.3
:: St. Deviation  :: 8.198
:: Better Solution in the experiment :: 1
:: N. Better Solution :: 7
 12 3 2 16 8 10 18 14 0 1 5 6 7 15 13 4 17 11 9 19  ::: 1297.0

 12 3 2 16 8 10 18 14 0 1 5 6 7 15 13 4 17 11 9 19  ::: 1297.0
 14 12 18 5 6 16 8 3 2 4 15 0 13 1 17 11 7 10 9 19  ::: 1297.0
 14 5 2 3 16 15 7 0 18 12 1 17 11 8 13 4 6 10 9 19  ::: 1297.0
 12 3 2 8 7 6 16 10 14 11 5 18 4 17 13 0 1 15 9 19  ::: 1297.0
 14 5 3 8 12 10 15 0 18 13 4 2 16 7 9 6 1 17 11 19  ::: 1297.0
 8 0 16 18 14 6 10 2 12 13 15 7 5 1 9 3 4 17 11 19  ::: 1297.0
 7 2 4 1 13 3 10 12 18 6 5 15 16 0 9 11 8 14 17 19  ::: 1324.0
 13 3 10 14 5 0 8 18 17 15 4 16 6 9 2 11 7 1 12 19  ::: 1297.0
 2 16 5 4 3 1 14 7 15 13 17 11 0 18 10 12 8 9 6 19  ::: 1305.0
 8 18 13 10 12 16 2 14 7 11 4 5 3 15 17 0 1 9 6 19  ::: 1305.0
[PFSP] CELL 3/150 ta001 TS/TSr best=1297 mean=1301.3 gap=1.82% | elapsed 0:01:15 | ETA 1:01:48

---------------------- GA --- GAS

 Experiments to GA
 0
 1
 2
 3
 4
 5
 6
 7
 8
 9


:: Metaheuristic :: GA---GAS[50000]  
:: N. Experiment.:: 10
-----------------------------------
:: Better fitness :: 1297.0
:: Average        :: 1299.7
:: St. Deviation  :: 5.934
:: Better Solution in the experiment :: 1
:: N. Better Solution :: 8
 16 14 2 0 10 13 18 5 6 15 12 8 3 17 7 4 11 9 1 19  ::: 1297.0

 16 14 2 0 10 13 18 5 6 15 12 8 3 17 7 4 11 9 1 19  ::: 1297.0
 14 8 12 0 13 7 18 10 17 3 1 4 6 2 16 11 15 5 9 19  ::: 1297.0
 5 13 3 10 18 1 12 14 15 6 0 16 7 8 17 4 11 2 9 19  ::: 1297.0
 8 12 4 16 6 5 13 15 10 14 3 1 17 11 7 2 18 0 9 19  ::: 1297.0
 12 16 8 13 5 18 0 14 2 17 11 6 10 3 1 7 4 15 9 19  ::: 1297.0
 2 16 14 12 1 3 8 17 11 5 13 15 7 10 4 0 18 9 6 19  ::: 1305.0
 8 0 10 12 15 2 14 16 13 7 18 5 6 4 11 17 3 1 9 19  ::: 1297.0
 2 12 7 8 13 15 5 4 10 14 0 3 1 6 16 17 11 18 9 19  ::: 1297.0
 16 5 2 13 10 12 4 8 3 7 18 14 11 17 6 0 15 1 9 19  ::: 1297.0
 14 10 5 6 8 0 2 13 3 1 15 16 17 7 4 19 9 11 18 12  ::: 1316.0
[PFSP] CELL 4/150 ta001 GA/GAS best=1297 mean=1299.7 gap=1.70% | elapsed 0:04:14 | ETA 2:34:41

---------------------- SA --- SAS

 Experiments to SA
 0
 1
 2
 3
 4
 5
 6
 7
 8
 9


:: Metaheuristic :: SA---SAS[50000]  
:: N. Experiment.:: 10
-----------------------------------
:: Better fitness :: 1312.0
:: Average        :: 1318.9
:: St. Deviation  :: 6.057
:: Better Solution in the experiment :: 2
:: N. Better Solution :: 2
 2 12 8 0 6 10 4 14 3 17 11 16 1 7 13 5 15 18 9 19  ::: 1312.0

 13 18 0 4 11 8 16 14 10 12 1 5 6 3 7 2 9 15 17 19  ::: 1326.0
 2 12 8 0 6 10 4 14 3 17 11 16 1 7 13 5 15 18 9 19  ::: 1312.0
 2 12 3 15 18 14 0 13 1 5 10 4 16 8 6 11 9 7 17 19  ::: 1324.0
 13 0 10 14 7 2 11 18 5 8 12 3 9 4 16 6 1 15 17 19  ::: 1324.0
 14 8 0 13 7 2 18 10 5 6 1 12 16 3 15 9 4 17 11 19  ::: 1313.0
 7 10 14 13 16 2 4 0 8 5 1 6 17 3 15 18 12 9 11 19  ::: 1314.0
 14 10 6 7 8 4 12 3 1 15 5 2 13 17 11 18 0 16 9 19  ::: 1316.0
 16 5 8 13 3 7 1 6 10 14 2 18 12 11 17 4 0 15 9 19  ::: 1312.0
 16 18 13 7 14 0 10 1 5 8 17 6 15 3 2 4 9 12 11 19  ::: 1319.0
 7 5 10 13 2 3 1 8 12 4 15 11 16 14 18 17 0 9 6 19  ::: 1329.0
[PFSP] CELL 5/150 ta001 SA/SAS best=1312 mean=1318.9 gap=3.20% | elapsed 0:05:13 | ETA 2:31:38

-------- instance ------ ta002  (n=20, m=5)

---------------------- TS --- TSc

 Experiments to TS
 0


:: Metaheuristic :: TS---TSc[50000]  
:: N. Experiment.:: 1
-----------------------------------
:: Better fitness :: 1359.0
:: Average        :: 1359.0
:: St. Deviation  :: 0.0
:: Better Solution in the experiment :: 1
:: N. Better Solution :: 1
 5 9 16 6 18 19 13 2 11 17 8 14 0 12 15 4 3 10 1 7  ::: 1359.0

 5 9 16 6 18 19 13 2 11 17 8 14 0 12 15 4 3 10 1 7  ::: 1359.0
[PFSP] CELL 6/150 ta002 TS/TSc best=1359 mean=1359.0 gap=0.00% | elapsed 0:05:18 | ETA 2:07:34

---------------------- TS --- TSattr

 Experiments to TS
 0


:: Metaheuristic :: TS---TSattr[50000]  
:: N. Experiment.:: 1
-----------------------------------
:: Better fitness :: 1365.0
:: Average        :: 1365.0
:: St. Deviation  :: 0.0
:: Better Solution in the experiment :: 1
:: N. Better Solution :: 1
 18 13 5 19 2 9 16 8 17 11 6 14 0 12 15 4 3 10 1 7  ::: 1365.0

 18 13 5 19 2 9 16 8 17 11 6 14 0 12 15 4 3 10 1 7  ::: 1365.0
[PFSP] CELL 7/150 ta002 TS/TSattr best=1365 mean=1365.0 gap=0.44% | elapsed 0:05:23 | ETA 1:50:18

---------------------- TS --- TSr

 Experiments to TS
 0
 1
 2
 3
 4
 5
 6
 7
 8
 9


:: Metaheuristic :: TS---TSr[50000]  
:: N. Experiment.:: 10
-----------------------------------
:: Better fitness :: 1366.0
:: Average        :: 1370.5
:: St. Deviation  :: 6.637
:: Better Solution in the experiment :: 1
:: N. Better Solution :: 6
 5 6 16 14 2 8 15 19 12 17 10 4 13 18 0 11 3 7 9 1  ::: 1366.0

 5 6 16 14 2 8 15 19 12 17 10 4 13 18 0 11 3 7 9 1  ::: 1366.0
 5 6 17 14 2 11 16 3 0 12 13 8 15 9 18 10 4 1 7 19  ::: 1366.0
 14 5 8 11 0 12 10 13 15 17 19 3 6 4 1 2 18 7 9 16  ::: 1383.0
 5 6 2 16 19 14 10 12 13 8 11 18 4 7 17 1 0 9 15 3  ::: 1366.0
 14 16 8 11 2 9 1 6 18 19 12 7 10 3 5 15 4 13 0 17  ::: 1383.0
 5 6 17 14 16 19 8 2 15 4 1 9 18 10 0 3 12 11 7 13  ::: 1366.0
 5 6 18 14 2 11 16 8 19 3 13 1 15 10 7 17 9 12 4 0  ::: 1366.0
 5 14 6 8 18 13 9 19 12 10 11 17 0 4 3 1 7 16 15 2  ::: 1373.0
 5 6 2 18 14 9 19 15 10 12 13 11 8 1 16 3 7 17 4 0  ::: 1366.0
 18 13 5 14 6 19 0 11 17 12 8 4 15 9 7 10 3 16 2 1  ::: 1370.0
[PFSP] CELL 8/150 ta002 TS/TSr best=1366 mean=1370.5 gap=0.85% | elapsed 0:06:16 | ETA 1:51:23

---------------------- GA --- GAS

 Experiments to GA
 0
 1
 2
 3
 4
 5
 6
 7
 8
 9


:: Metaheuristic :: GA---GAS[50000]  
:: N. Experiment.:: 10
-----------------------------------
:: Better fitness :: 1366.0
:: Average        :: 1379.2
:: St. Deviation  :: 9.442
:: Better Solution in the experiment :: 1
:: N. Better Solution :: 3
 5 6 18 14 11 8 4 12 15 9 16 10 2 19 0 17 7 1 3 13  ::: 1366.0

 5 6 18 14 11 8 4 12 15 9 16 10 2 19 0 17 7 1 3 13  ::: 1366.0
 14 9 2 5 8 6 17 12 4 16 19 10 11 3 15 0 7 13 18 1  ::: 1383.0
 14 6 2 12 18 7 5 19 8 10 17 4 11 16 0 15 13 9 3 1  ::: 1383.0
 14 2 16 6 19 8 12 15 10 5 11 13 18 3 7 17 9 0 1 4  ::: 1383.0
 5 6 16 14 11 13 2 15 19 7 8 0 18 9 1 17 4 10 12 3  ::: 1366.0
 5 6 9 16 17 13 14 0 18 11 4 8 15 2 10 3 7 19 12 1  ::: 1366.0
 14 16 6 11 1 15 9 5 2 8 13 0 18 4 7 17 19 3 12 10  ::: 1383.0
 14 6 1 18 19 10 16 5 9 8 0 11 17 15 3 13 4 7 2 12  ::: 1383.0
 14 6 11 5 0 16 19 12 2 15 10 8 4 7 3 18 9 1 13 17  ::: 1383.0
 14 8 18 7 6 2 5 19 15 9 10 0 12 13 11 3 17 1 16 4  ::: 1396.0
[PFSP] CELL 9/150 ta002 GA/GAS best=1366 mean=1379.2 gap=1.49% | elapsed 0:08:39 | ETA 2:15:42

---------------------- SA --- SAS

 Experiments to SA
 0
 1
 2
 3
 4
 5
 6
 7
 8
 9


:: Metaheuristic :: SA---SAS[50000]  
:: N. Experiment.:: 10
-----------------------------------
:: Better fitness :: 1368.0
:: Average        :: 1375.3
:: St. Deviation  :: 5.442
:: Better Solution in the experiment :: 6
:: N. Better Solution :: 2
 5 19 6 13 8 11 16 14 7 4 0 18 9 17 1 2 3 10 15 12  ::: 1368.0

 18 5 14 9 16 2 8 0 6 12 19 4 1 10 13 17 15 3 7 11  ::: 1372.0
 5 18 14 10 16 8 2 6 19 3 7 13 4 11 15 0 12 9 17 1  ::: 1378.0
 5 9 2 17 14 16 19 6 8 13 0 4 1 12 18 15 3 11 7 10  ::: 1375.0
 14 5 6 2 19 9 16 1 17 4 7 8 0 18 13 15 3 12 11 10  ::: 1383.0
 5 6 2 17 11 9 16 14 0 19 18 4 3 10 1 15 13 12 8 7  ::: 1382.0
 5 19 6 13 8 11 16 14 7 4 0 18 9 17 1 2 3 10 15 12  ::: 1368.0
 5 14 6 9 2 17 16 19 11 10 8 18 4 7 0 13 3 1 12 15  ::: 1379.0
 5 19 6 14 13 8 16 9 11 0 3 2 1 7 18 17 12 4 10 15  ::: 1368.0
 16 5 14 0 9 18 8 6 4 7 13 12 10 3 15 11 2 1 17 19  ::: 1379.0
 5 19 6 14 8 7 0 11 16 13 9 2 12 15 3 17 4 1 18 10  ::: 1369.0
[PFSP] CELL 10/150 ta002 SA/SAS best=1368 mean=1375.3 gap=1.20% | elapsed 0:09:37 | ETA 2:14:39

-------- instance ------ ta003  (n=20, m=5)

---------------------- TS --- TSc

 Experiments to TS
 0


:: Metaheuristic :: TS---TSc[50000]  
:: N. Experiment.:: 1
-----------------------------------
:: Better fitness :: 1100.0
:: Average        :: 1100.0
:: St. Deviation  :: 0.0
:: Better Solution in the experiment :: 1
:: N. Better Solution :: 1
 2 18 0 19 17 13 9 15 6 11 3 4 8 16 5 12 10 7 1 14  ::: 1100.0

 2 18 0 19 17 13 9 15 6 11 3 4 8 16 5 12 10 7 1 14  ::: 1100.0
[PFSP] CELL 11/150 ta003 TS/TSc best=1100 mean=1100.0 gap=1.76% | elapsed 0:09:43 | ETA 2:02:48

---------------------- TS --- TSattr

 Experiments to TS
 0


:: Metaheuristic :: TS---TSattr[50000]  
:: N. Experiment.:: 1
-----------------------------------
:: Better fitness :: 1109.0
:: Average        :: 1109.0
:: St. Deviation  :: 0.0
:: Better Solution in the experiment :: 1
:: N. Better Solution :: 1
 2 19 0 18 17 11 9 4 3 13 15 8 6 16 5 12 10 7 1 14  ::: 1109.0

 2 19 0 18 17 11 9 4 3 13 15 8 6 16 5 12 10 7 1 14  ::: 1109.0
[PFSP] CELL 12/150 ta003 TS/TSattr best=1109 mean=1109.0 gap=2.59% | elapsed 0:09:48 | ETA 1:52:52

---------------------- TS --- TSr

 Experiments to TS
 0
 1
 2
 3
 4
 5
 6
 7
 8
 9


:: Metaheuristic :: TS---TSr[50000]  
:: N. Experiment.:: 10
-----------------------------------
:: Better fitness :: 1088.0
:: Average        :: 1100.9
:: St. Deviation  :: 12.903
:: Better Solution in the experiment :: 8
:: N. Better Solution :: 1
 2 3 15 13 18 0 17 6 9 19 11 4 10 12 16 5 8 7 14 1  ::: 1088.0

 2 15 10 0 19 3 17 6 13 7 14 18 11 9 4 5 8 12 16 1  ::: 1098.0
 2 18 13 15 3 19 6 10 9 11 16 0 17 4 5 8 7 12 14 1  ::: 1099.0
 2 3 15 13 12 19 17 11 4 9 7 6 18 8 10 5 0 14 16 1  ::: 1089.0
 15 2 13 19 17 4 0 11 3 5 12 18 10 7 6 8 9 14 16 1  ::: 1132.0
 2 18 13 9 15 19 10 17 8 3 6 0 14 11 12 4 5 7 16 1  ::: 1099.0
 2 3 15 13 19 6 17 9 4 10 0 18 12 11 8 16 7 5 14 1  ::: 1089.0
 2 15 0 19 17 4 3 13 18 9 14 10 11 5 12 6 8 7 16 1  ::: 1100.0
 2 3 15 13 18 0 17 6 9 19 11 4 10 12 16 5 8 7 14 1  ::: 1088.0
 2 15 13 0 19 6 18 11 9 10 4 12 7 5 17 3 16 8 1 14  ::: 1116.0
 2 3 19 13 15 17 9 6 0 18 4 12 11 8 7 16 10 5 14 1  ::: 1099.0
[PFSP] CELL 13/150 ta003 TS/TSr best=1088 mean=1100.9 gap=1.84% | elapsed 0:10:44 | ETA 1:53:15

---------------------- GA --- GAS

 Experiments to GA
 0
 1
 2
 3
 4
 5
 6
 7
 8
 9


:: Metaheuristic :: GA---GAS[50000]  
:: N. Experiment.:: 10
-----------------------------------
:: Better fitness :: 1098.0
:: Average        :: 1107.5
:: St. Deviation  :: 13.017
:: Better Solution in the experiment :: 3
:: N. Better Solution :: 4
 2 15 10 9 17 19 13 6 0 3 18 4 12 11 16 8 7 5 14 1  ::: 1098.0

 2 19 18 13 15 0 6 10 9 17 16 11 12 4 5 7 8 3 1 14  ::: 1107.0
 15 2 19 13 12 4 6 3 17 5 0 14 11 8 10 7 9 18 16 1  ::: 1132.0
 2 15 10 9 17 19 13 6 0 3 18 4 12 11 16 8 7 5 14 1  ::: 1098.0
 2 15 0 19 4 12 13 17 6 9 18 11 7 8 16 10 3 5 1 14  ::: 1100.0
 2 13 12 15 19 4 9 11 5 3 17 0 18 6 16 10 8 7 1 14  ::: 1112.0
 2 15 13 14 18 0 17 19 11 7 9 6 10 12 3 4 8 16 5 1  ::: 1098.0
 15 2 19 4 13 10 12 9 6 3 18 11 7 8 14 0 5 17 16 1  ::: 1132.0
 2 15 10 13 12 18 0 19 17 6 11 9 4 7 5 16 8 3 1 14  ::: 1100.0
 2 15 13 14 3 19 17 0 6 18 10 9 4 12 11 8 5 7 16 1  ::: 1098.0
 2 15 10 0 19 17 3 11 13 16 6 12 4 9 7 18 8 5 14 1  ::: 1098.0
[PFSP] CELL 14/150 ta003 GA/GAS best=1098 mean=1107.5 gap=2.45% | elapsed 0:14:23 | ETA 2:19:48

---------------------- SA --- SAS

 Experiments to SA
 0
 1
 2
 3
 4
 5
 6
 7
 8
 9


:: Metaheuristic :: SA---SAS[50000]  
:: N. Experiment.:: 10
-----------------------------------
:: Better fitness :: 1158.0
:: Average        :: 1174.0
:: St. Deviation  :: 9.99
:: Better Solution in the experiment :: 5
:: N. Better Solution :: 1
 2 15 6 9 18 19 13 3 16 17 4 11 1 0 10 14 12 8 7 5  ::: 1158.0

 2 6 12 18 13 10 0 15 17 9 19 11 4 3 5 14 7 8 16 1  ::: 1162.0
 2 6 13 18 19 9 11 17 8 10 15 3 0 4 12 5 14 1 7 16  ::: 1178.0
 13 15 6 2 17 19 11 3 0 9 8 18 10 5 16 4 7 1 12 14  ::: 1182.0
 13 15 0 17 19 7 2 11 8 6 9 16 10 18 3 12 4 5 1 14  ::: 1177.0
 2 15 6 9 18 19 13 3 16 17 4 11 1 0 10 14 12 8 7 5  ::: 1158.0
 19 0 15 13 17 6 10 9 16 3 2 18 11 8 12 4 1 5 7 14  ::: 1163.0
 2 3 15 6 13 12 18 7 17 11 9 19 16 10 4 1 8 5 0 14  ::: 1179.0
 2 15 19 6 9 11 18 12 13 4 1 10 7 17 0 14 16 8 5 3  ::: 1173.0
 13 15 2 18 6 9 7 4 0 19 14 1 11 3 10 8 12 17 5 16  ::: 1193.0
 15 17 13 5 2 19 4 0 7 14 10 9 18 3 11 8 6 16 1 12  ::: 1175.0
[PFSP] CELL 15/150 ta003 SA/SAS best=1158 mean=1174.0 gap=8.60% | elapsed 0:15:35 | ETA 2:20:21

-------- instance ------ ta004  (n=20, m=5)

---------------------- TS --- TSc

 Experiments to TS
 0


:: Metaheuristic :: TS---TSc[50000]  
:: N. Experiment.:: 1
-----------------------------------
:: Better fitness :: 1302.0
:: Average        :: 1302.0
:: St. Deviation  :: 0.0
:: Better Solution in the experiment :: 1
:: N. Better Solution :: 1
 12 8 15 16 10 18 9 6 11 14 0 4 19 1 2 7 5 13 3 17  ::: 1302.0

 12 8 15 16 10 18 9 6 11 14 0 4 19 1 2 7 5 13 3 17  ::: 1302.0
[PFSP] CELL 16/150 ta004 TS/TSc best=1302 mean=1302.0 gap=0.70% | elapsed 0:15:41 | ETA 2:11:21

---------------------- TS --- TSattr

 Experiments to TS
 0


:: Metaheuristic :: TS---TSattr[50000]  
:: N. Experiment.:: 1
-----------------------------------
:: Better fitness :: 1304.0
:: Average        :: 1304.0
:: St. Deviation  :: 0.0
:: Better Solution in the experiment :: 1
:: N. Better Solution :: 1
 12 8 15 10 16 18 9 14 0 6 11 4 19 1 2 7 5 13 3 17  ::: 1304.0

 12 8 15 10 16 18 9 14 0 6 11 4 19 1 2 7 5 13 3 17  ::: 1304.0
[PFSP] CELL 17/150 ta004 TS/TSattr best=1304 mean=1304.0 gap=0.85% | elapsed 0:15:46 | ETA 2:03:22

---------------------- TS --- TSr

 Experiments to TS
 0
 1
 2
 3
 4
 5
 6
 7
 8
 9


:: Metaheuristic :: TS---TSr[50000]  
:: N. Experiment.:: 10
-----------------------------------
:: Better fitness :: 1293.0
:: Average        :: 1310.4
:: St. Deviation  :: 11.723
:: Better Solution in the experiment :: 1
:: N. Better Solution :: 1
 12 16 18 8 15 10 1 0 3 9 11 14 19 6 4 7 5 13 2 17  ::: 1293.0

 12 16 18 8 15 10 1 0 3 9 11 14 19 6 4 7 5 13 2 17  ::: 1293.0
 12 16 18 8 15 10 1 19 0 14 11 6 4 9 2 7 13 3 17 5  ::: 1301.0
 12 15 10 16 18 14 6 3 19 9 13 8 1 0 4 7 11 2 17 5  ::: 1309.0
 12 15 10 8 1 16 18 9 13 14 11 6 19 0 4 7 3 17 2 5  ::: 1309.0
 12 8 15 1 11 10 3 16 14 6 19 0 18 9 4 7 13 5 2 17  ::: 1306.0
 12 15 10 18 16 8 9 6 3 19 13 14 1 0 4 7 11 17 2 5  ::: 1309.0
 12 16 10 8 6 11 3 15 14 1 19 18 9 13 0 4 7 2 5 17  ::: 1313.0
 12 16 10 15 18 1 19 14 13 9 3 0 11 8 17 4 6 5 2 7  ::: 1341.0
 12 16 8 1 13 19 14 10 15 18 9 6 2 0 4 7 11 3 17 5  ::: 1314.0
 12 15 10 8 16 1 19 6 0 18 9 3 11 14 4 7 13 2 17 5  ::: 1309.0
[PFSP] CELL 18/150 ta004 TS/TSr best=1293 mean=1310.4 gap=1.35% | elapsed 0:16:39 | ETA 2:02:06

---------------------- GA --- GAS

 Experiments to GA
 0
 1
 2
 3
 4
 5
 6
 7
 8
 9


:: Metaheuristic :: GA---GAS[50000]  
:: N. Experiment.:: 10
-----------------------------------
:: Better fitness :: 1305.0
:: Average        :: 1325.2
:: St. Deviation  :: 16.72
:: Better Solution in the experiment :: 4
:: N. Better Solution :: 1
 12 16 8 6 15 18 19 1 10 4 0 11 14 9 3 7 13 2 17 5  ::: 1305.0

 12 16 8 13 14 10 15 18 9 6 19 3 0 1 11 4 7 5 2 17  ::: 1311.0
 12 16 10 15 18 8 0 1 13 14 19 9 17 11 3 4 6 5 2 7  ::: 1341.0
 12 8 1 16 14 3 10 9 0 18 15 4 17 11 7 19 6 2 5 13  ::: 1344.0
 12 16 8 6 15 18 19 1 10 4 0 11 14 9 3 7 13 2 17 5  ::: 1305.0
 12 10 8 15 1 16 14 18 5 6 11 9 13 3 17 19 0 4 7 2  ::: 1326.0
 12 16 18 9 10 11 6 15 8 0 17 13 14 4 19 1 2 7 5 3  ::: 1349.0
 12 16 8 10 6 15 17 18 11 14 1 19 0 3 9 4 7 13 2 5  ::: 1308.0
 12 16 10 3 8 15 1 18 4 14 11 6 19 9 0 17 2 7 5 13  ::: 1344.0
 12 15 10 18 16 8 6 19 0 14 1 4 11 9 13 17 3 7 2 5  ::: 1309.0
 12 16 8 1 15 18 10 19 13 14 6 9 4 0 11 17 2 7 3 5  ::: 1315.0
[PFSP] CELL 19/150 ta004 GA/GAS best=1305 mean=1325.2 gap=2.49% | elapsed 0:20:14 | ETA 2:19:35

---------------------- SA --- SAS

 Experiments to SA
 0
 1
 2
 3
 4
 5
 6
 7
 8
 9


:: Metaheuristic :: SA---SAS[50000]  
:: N. Experiment.:: 10
-----------------------------------
:: Better fitness :: 1389.0
:: Average        :: 1410.4
:: St. Deviation  :: 9.156
:: Better Solution in the experiment :: 3
:: N. Better Solution :: 1
 16 8 1 18 5 10 12 14 19 15 4 9 6 3 11 7 0 13 2 17  ::: 1389.0

 12 10 15 16 3 14 0 1 13 8 2 9 6 7 19 18 4 5 11 17  ::: 1415.0
 12 10 9 1 13 8 16 7 3 19 0 14 11 4 6 5 15 17 2 18  ::: 1420.0
 16 8 1 18 5 10 12 14 19 15 4 9 6 3 11 7 0 13 2 17  ::: 1389.0
 16 10 8 1 4 19 6 3 15 2 14 0 11 12 9 18 5 7 17 13  ::: 1405.0
 12 10 14 17 6 16 4 8 15 9 1 3 18 0 19 2 13 11 5 7  ::: 1412.0
 12 15 18 10 16 1 6 11 14 8 19 0 4 17 13 9 3 2 7 5  ::: 1420.0
 12 10 9 15 8 0 11 13 14 17 18 5 16 1 3 19 6 4 2 7  ::: 1406.0
 15 8 6 12 10 2 16 19 1 17 9 11 18 4 14 5 0 7 3 13  ::: 1408.0
 12 18 8 15 6 11 9 10 1 2 19 3 17 13 14 16 4 0 5 7  ::: 1421.0
 16 10 1 12 9 3 2 15 8 0 5 6 13 19 18 14 11 4 7 17  ::: 1408.0
[PFSP] CELL 20/150 ta004 SA/SAS best=1389 mean=1410.4 gap=9.08% | elapsed 0:21:12 | ETA 2:17:50

-------- instance ------ ta005  (n=20, m=5)

---------------------- TS --- TSc

 Experiments to TS
 0


:: Metaheuristic :: TS---TSc[50000]  
:: N. Experiment.:: 1
-----------------------------------
:: Better fitness :: 1258.0
:: Average        :: 1258.0
:: St. Deviation  :: 0.0
:: Better Solution in the experiment :: 1
:: N. Better Solution :: 1
 4 2 11 9 18 8 17 6 16 14 12 3 15 5 1 13 10 7 0 19  ::: 1258.0

 4 2 11 9 18 8 17 6 16 14 12 3 15 5 1 13 10 7 0 19  ::: 1258.0
[PFSP] CELL 21/150 ta005 TS/TSc best=1258 mean=1258.0 gap=1.86% | elapsed 0:21:17 | ETA 2:10:48

---------------------- TS --- TSattr

 Experiments to TS
 0


:: Metaheuristic :: TS---TSattr[50000]  
:: N. Experiment.:: 1
-----------------------------------
:: Better fitness :: 1258.0
:: Average        :: 1258.0
:: St. Deviation  :: 0.0
:: Better Solution in the experiment :: 1
:: N. Better Solution :: 1
 4 2 11 9 18 8 17 6 16 14 12 3 15 5 1 13 10 7 0 19  ::: 1258.0

 4 2 11 9 18 8 17 6 16 14 12 3 15 5 1 13 10 7 0 19  ::: 1258.0
[PFSP] CELL 22/150 ta005 TS/TSattr best=1258 mean=1258.0 gap=1.86% | elapsed 0:21:22 | ETA 2:04:22

---------------------- TS --- TSr

 Experiments to TS
 0
 1
 2
 3
 4
 5
 6
 7
 8
 9


:: Metaheuristic :: TS---TSr[50000]  
:: N. Experiment.:: 10
-----------------------------------
:: Better fitness :: 1250.0
:: Average        :: 1262.2
:: St. Deviation  :: 12.343
:: Better Solution in the experiment :: 2
:: N. Better Solution :: 4
 2 14 11 4 12 9 15 17 5 8 3 18 16 1 10 0 13 6 7 19  ::: 1250.0

 11 4 16 12 3 5 14 6 17 18 8 15 2 1 13 9 10 7 0 19  ::: 1258.0
 2 14 11 4 12 9 15 17 5 8 3 18 16 1 10 0 13 6 7 19  ::: 1250.0
 11 2 9 16 15 8 12 14 6 18 3 4 5 1 10 0 13 17 7 19  ::: 1250.0
 11 18 8 4 14 15 12 9 1 16 3 2 10 0 13 7 5 6 17 19  ::: 1277.0
 2 3 9 12 4 8 16 18 1 14 7 11 5 15 10 0 13 17 6 19  ::: 1283.0
 11 12 16 15 8 14 3 18 4 1 2 9 5 17 10 0 13 6 7 19  ::: 1250.0
 4 11 14 9 2 3 18 15 16 12 5 1 13 8 10 0 6 17 7 19  ::: 1250.0
 11 8 14 12 3 16 4 1 15 5 7 18 9 17 10 2 13 6 0 19  ::: 1271.0
 11 3 2 15 17 14 18 5 8 6 4 16 12 1 9 13 10 7 0 19  ::: 1258.0
 2 14 11 12 18 16 1 3 5 17 15 7 9 8 10 6 4 13 0 19  ::: 1275.0
[PFSP] CELL 23/150 ta005 TS/TSr best=1250 mean=1262.2 gap=2.20% | elapsed 0:22:15 | ETA 2:02:54

---------------------- GA --- GAS

 Experiments to GA
 0
 1
 2
 3
 4
 5
 6
 7
 8
 9


:: Metaheuristic :: GA---GAS[50000]  
:: N. Experiment.:: 10
-----------------------------------
:: Better fitness :: 1243.0
:: Average        :: 1261.8
:: St. Deviation  :: 23.524
:: Better Solution in the experiment :: 8
:: N. Better Solution :: 1
 11 3 8 14 18 12 16 2 15 10 9 4 5 1 13 17 6 0 19 7  ::: 1243.0

 11 9 4 8 3 12 16 2 18 15 5 10 14 1 17 13 6 7 19 0  ::: 1244.0
 11 16 15 14 3 12 18 4 9 2 10 5 1 17 13 7 8 6 0 19  ::: 1264.0
 2 12 8 17 3 9 16 11 15 4 18 5 1 14 13 10 0 6 7 19  ::: 1250.0
 14 3 17 12 2 8 15 5 1 7 9 18 11 19 16 10 0 4 13 6  ::: 1305.0
 8 11 2 3 9 10 12 1 0 4 15 6 16 7 18 17 5 14 13 19  ::: 1310.0
 11 3 8 14 18 9 15 2 1 12 5 4 16 0 10 13 6 17 7 19  ::: 1250.0
 11 12 16 18 14 8 15 3 4 5 1 17 2 9 13 10 0 6 7 19  ::: 1250.0
 11 3 8 14 18 12 16 2 15 10 9 4 5 1 13 17 6 0 19 7  ::: 1243.0
 11 8 2 12 4 3 9 6 16 1 18 0 17 15 5 10 14 13 7 19  ::: 1254.0
 2 4 12 8 16 9 11 3 18 14 15 5 1 10 6 17 13 7 19 0  ::: 1248.0
[PFSP] CELL 24/150 ta005 GA/GAS best=1243 mean=1261.8 gap=2.17% | elapsed 0:25:09 | ETA 2:12:05

---------------------- SA --- SAS

 Experiments to SA
 0
 1
 2
 3
 4
 5
 6
 7
 8
 9


:: Metaheuristic :: SA---SAS[50000]  
:: N. Experiment.:: 10
-----------------------------------
:: Better fitness :: 1289.0
:: Average        :: 1306.1
:: St. Deviation  :: 8.396
:: Better Solution in the experiment :: 9
:: N. Better Solution :: 1
 11 6 9 17 18 14 12 16 3 1 4 2 15 5 10 0 13 7 8 19  ::: 1289.0

 3 4 0 14 2 18 8 15 17 9 11 1 12 16 10 5 19 7 13 6  ::: 1311.0
 8 11 3 18 5 0 9 2 16 4 17 13 14 15 12 10 6 1 7 19  ::: 1313.0
 12 8 17 16 3 11 1 9 6 18 4 0 14 15 5 10 2 13 7 19  ::: 1293.0
 2 16 3 11 12 17 9 14 19 0 15 5 8 4 10 1 13 6 7 18  ::: 1307.0
 16 3 9 2 15 11 1 18 0 12 4 8 17 19 14 5 10 13 6 7  ::: 1311.0
 2 3 9 16 0 15 11 4 6 10 12 14 18 8 5 17 13 1 7 19  ::: 1313.0
 8 12 14 4 0 16 15 1 11 9 3 2 17 13 5 18 10 7 6 19  ::: 1315.0
 11 2 5 6 12 18 16 14 9 10 3 15 8 13 1 4 7 17 19 0  ::: 1302.0
 11 6 9 17 18 14 12 16 3 1 4 2 15 5 10 0 13 7 8 19  ::: 1289.0
 11 4 15 9 2 12 5 18 16 14 10 17 6 13 3 8 1 7 0 19  ::: 1307.0
[PFSP] CELL 25/150 ta005 SA/SAS best=1289 mean=1306.1 gap=5.76% | elapsed 0:26:07 | ETA 2:10:37

-------- instance ------ ta006  (n=20, m=5)

---------------------- TS --- TSc

 Experiments to TS
 0


:: Metaheuristic :: TS---TSc[50000]  
:: N. Experiment.:: 1
-----------------------------------
:: Better fitness :: 1210.0
:: Average        :: 1210.0
:: St. Deviation  :: 0.0
:: Better Solution in the experiment :: 1
:: N. Better Solution :: 1
 10 12 4 19 16 5 7 6 15 11 13 0 17 9 14 8 3 18 1 2  ::: 1210.0

 10 12 4 19 16 5 7 6 15 11 13 0 17 9 14 8 3 18 1 2  ::: 1210.0
[PFSP] CELL 26/150 ta006 TS/TSc best=1210 mean=1210.0 gap=1.26% | elapsed 0:26:12 | ETA 2:05:01

---------------------- TS --- TSattr

 Experiments to TS
 0


:: Metaheuristic :: TS---TSattr[50000]  
:: N. Experiment.:: 1
-----------------------------------
:: Better fitness :: 1210.0
:: Average        :: 1210.0
:: St. Deviation  :: 0.0
:: Better Solution in the experiment :: 1
:: N. Better Solution :: 1
 10 12 4 19 16 5 7 6 15 11 13 0 17 9 14 8 3 18 1 2  ::: 1210.0

 10 12 4 19 16 5 7 6 15 11 13 0 17 9 14 8 3 18 1 2  ::: 1210.0
[PFSP] CELL 27/150 ta006 TS/TSattr best=1210 mean=1210.0 gap=1.26% | elapsed 0:26:17 | ETA 1:59:48

---------------------- TS --- TSr

 Experiments to TS
 0
 1
 2
 3
 4
 5
 6
 7
 8
 9


:: Metaheuristic :: TS---TSr[50000]  
:: N. Experiment.:: 10
-----------------------------------
:: Better fitness :: 1195.0
:: Average        :: 1208.5
:: St. Deviation  :: 4.5
:: Better Solution in the experiment :: 5
:: N. Better Solution :: 1
 10 13 12 5 11 15 16 19 14 8 18 3 17 0 6 9 1 7 4 2  ::: 1195.0

 13 10 4 11 7 6 15 17 16 5 3 14 9 0 12 8 19 18 2 1  ::: 1210.0
 13 10 4 15 17 11 7 5 12 16 3 14 0 6 8 19 9 18 2 1  ::: 1210.0
 13 10 12 15 5 7 4 11 14 3 17 9 0 6 16 8 19 18 1 2  ::: 1210.0
 13 10 12 16 5 6 19 15 8 11 0 7 17 4 3 14 9 18 1 2  ::: 1210.0
 10 13 12 5 11 15 16 19 14 8 18 3 17 0 6 9 1 7 4 2  ::: 1195.0
 10 12 5 0 6 11 9 7 13 14 19 16 4 15 17 8 3 18 2 1  ::: 1210.0
 13 10 16 12 4 19 6 15 7 14 3 9 5 8 0 17 11 18 1 2  ::: 1210.0
 10 4 16 15 17 5 13 19 7 11 12 8 14 3 6 9 0 18 1 2  ::: 1210.0
 13 10 16 4 11 12 3 6 14 5 15 19 0 17 9 8 7 18 1 2  ::: 1210.0
 10 13 12 5 4 16 11 19 14 9 3 6 15 17 7 8 0 18 2 1  ::: 1210.0
[PFSP] CELL 28/150 ta006 TS/TSr best=1195 mean=1208.5 gap=1.13% | elapsed 0:27:11 | ETA 1:58:27

---------------------- GA --- GAS

 Experiments to GA
 0
 1
 2
 3
 4
 5
 6
 7
 8
 9


:: Metaheuristic :: GA---GAS[50000]  
:: N. Experiment.:: 10
-----------------------------------
:: Better fitness :: 1210.0
:: Average        :: 1226.2
:: St. Deviation  :: 26.528
:: Better Solution in the experiment :: 4
:: N. Better Solution :: 3
 10 4 19 5 16 6 12 3 14 11 15 17 13 9 7 8 0 18 1 2  ::: 1210.0

 13 10 5 11 16 6 12 4 7 19 1 15 17 0 8 9 3 14 18 2  ::: 1224.0
 10 4 9 11 15 12 2 19 5 16 6 17 3 0 1 7 13 18 14 8  ::: 1304.0
 10 5 11 12 13 6 16 19 0 4 17 7 15 9 14 1 8 3 18 2  ::: 1224.0
 10 4 19 5 16 6 12 3 14 11 15 17 13 9 7 8 0 18 1 2  ::: 1210.0
 10 5 12 13 14 16 15 18 3 19 7 6 4 0 17 9 11 8 2 1  ::: 1219.0
 13 19 10 4 16 12 6 15 0 14 5 7 11 8 17 3 9 18 1 2  ::: 1210.0
 10 12 4 19 0 16 15 7 11 6 9 8 5 3 17 14 13 18 1 2  ::: 1216.0
 13 10 5 0 16 12 6 9 15 11 17 19 4 7 8 3 14 18 1 2  ::: 1210.0
 13 16 10 4 5 6 8 0 17 19 12 3 15 1 14 11 9 7 18 2  ::: 1224.0
 10 12 13 11 16 5 18 3 6 14 8 0 15 1 7 17 19 9 4 2  ::: 1221.0
[PFSP] CELL 29/150 ta006 GA/GAS best=1210 mean=1226.2 gap=2.61% | elapsed 0:30:24 | ETA 2:06:52

---------------------- SA --- SAS

 Experiments to SA
 0
 1
 2
 3
 4
 5
 6
 7
 8
 9


:: Metaheuristic :: SA---SAS[50000]  
:: N. Experiment.:: 10
-----------------------------------
:: Better fitness :: 1269.0
:: Average        :: 1277.9
:: St. Deviation  :: 6.22
:: Better Solution in the experiment :: 3
:: N. Better Solution :: 1
 10 4 11 7 6 16 13 2 12 14 3 5 9 15 0 17 19 8 18 1  ::: 1269.0

 10 5 16 11 12 8 9 0 14 6 13 17 3 15 1 2 19 7 4 18  ::: 1285.0
 10 5 12 11 8 6 0 17 16 4 13 7 19 15 1 9 14 3 2 18  ::: 1277.0
 10 4 11 7 6 16 13 2 12 14 3 5 9 15 0 17 19 8 18 1  ::: 1269.0
 10 13 15 16 7 5 6 12 0 9 19 2 8 14 11 17 1 4 3 18  ::: 1272.0
 12 4 0 10 5 13 15 16 7 17 18 3 19 1 9 6 11 14 2 8  ::: 1281.0
 16 10 13 6 9 15 12 3 14 19 2 5 8 11 17 7 1 0 4 18  ::: 1279.0
 13 12 11 10 1 9 15 0 7 16 5 17 4 6 8 3 14 2 19 18  ::: 1272.0
 13 10 5 16 15 2 19 12 9 3 1 11 6 8 14 17 0 4 7 18  ::: 1276.0
 16 4 12 11 5 10 7 15 8 13 19 14 6 3 9 0 17 18 1 2  ::: 1291.0
 13 4 19 11 10 14 3 17 12 0 5 6 7 9 15 16 8 18 1 2  ::: 1277.0
[PFSP] CELL 30/150 ta006 SA/SAS best=1269 mean=1277.9 gap=6.94% | elapsed 0:31:22 | ETA 2:05:31

-------- instance ------ ta007  (n=20, m=5)

---------------------- TS --- TSc

 Experiments to TS
 0


:: Metaheuristic :: TS---TSc[50000]  
:: N. Experiment.:: 1
-----------------------------------
:: Better fitness :: 1251.0
:: Average        :: 1251.0
:: St. Deviation  :: 0.0
:: Better Solution in the experiment :: 1
:: N. Better Solution :: 1
 4 15 14 13 1 10 3 0 19 12 7 5 8 6 16 18 11 2 17 9  ::: 1251.0

 4 15 14 13 1 10 3 0 19 12 7 5 8 6 16 18 11 2 17 9  ::: 1251.0
[PFSP] CELL 31/150 ta007 TS/TSc best=1251 mean=1251.0 gap=1.38% | elapsed 0:31:29 | ETA 2:00:51

---------------------- TS --- TSattr

 Experiments to TS
 0


:: Metaheuristic :: TS---TSattr[50000]  
:: N. Experiment.:: 1
-----------------------------------
:: Better fitness :: 1251.0
:: Average        :: 1251.0
:: St. Deviation  :: 0.0
:: Better Solution in the experiment :: 1
:: N. Better Solution :: 1
 4 15 14 13 1 10 3 0 19 12 7 5 8 6 16 18 11 2 17 9  ::: 1251.0

 4 15 14 13 1 10 3 0 19 12 7 5 8 6 16 18 11 2 17 9  ::: 1251.0
[PFSP] CELL 32/150 ta007 TS/TSattr best=1251 mean=1251.0 gap=1.38% | elapsed 0:31:34 | ETA 1:56:27

---------------------- TS --- TSr

 Experiments to TS
 0
 1
 2
 3
 4
 5
 6
 7
 8
 9


:: Metaheuristic :: TS---TSr[50000]  
:: N. Experiment.:: 10
-----------------------------------
:: Better fitness :: 1251.0
:: Average        :: 1253.1
:: St. Deviation  :: 3.3
:: Better Solution in the experiment :: 1
:: N. Better Solution :: 7
 4 10 14 3 0 8 7 16 1 2 19 11 18 6 17 5 15 13 12 9  ::: 1251.0

 4 10 14 3 0 8 7 16 1 2 19 11 18 6 17 5 15 13 12 9  ::: 1251.0
 4 14 19 8 0 3 10 16 13 18 7 5 12 2 15 6 11 1 17 9  ::: 1251.0
 4 13 1 10 12 3 7 5 19 2 11 6 18 0 8 14 16 15 17 9  ::: 1251.0
 4 15 1 0 12 3 16 9 2 19 10 11 8 5 14 7 6 13 18 17  ::: 1259.0
 4 10 1 12 3 16 14 19 7 13 11 8 5 0 18 15 2 6 17 9  ::: 1251.0
 4 10 15 3 1 7 18 0 11 8 16 14 17 13 6 19 2 5 12 9  ::: 1251.0
 4 14 10 3 13 1 9 5 0 18 16 15 12 7 6 8 11 19 2 17  ::: 1259.0
 12 1 10 14 7 19 0 17 5 18 11 6 13 8 16 2 3 4 15 9  ::: 1256.0
 4 10 11 1 8 0 3 19 17 7 13 5 12 16 2 6 18 14 15 9  ::: 1251.0
 4 10 19 7 16 18 17 6 3 1 2 8 0 11 15 5 14 13 12 9  ::: 1251.0
[PFSP] CELL 33/150 ta007 TS/TSr best=1251 mean=1253.1 gap=1.55% | elapsed 0:32:33 | ETA 1:55:27

---------------------- GA --- GAS

 Experiments to GA
 0
 1
 2
 3
 4
 5
 6
 7
 8
 9


:: Metaheuristic :: GA---GAS[50000]  
:: N. Experiment.:: 10
-----------------------------------
:: Better fitness :: 1251.0
:: Average        :: 1255.6
:: St. Deviation  :: 9.552
:: Better Solution in the experiment :: 1
:: N. Better Solution :: 7
 4 19 10 3 1 7 18 0 12 16 5 13 14 15 2 8 11 6 17 9  ::: 1251.0

 4 19 10 3 1 7 18 0 12 16 5 13 14 15 2 8 11 6 17 9  ::: 1251.0
 4 10 1 15 5 12 16 14 7 19 3 11 2 13 18 8 0 6 17 9  ::: 1251.0
 10 14 2 7 3 19 16 17 8 0 5 1 13 11 4 12 6 15 18 9  ::: 1283.0
 4 19 1 14 7 8 0 3 16 2 10 17 13 6 12 11 5 15 18 9  ::: 1251.0
 4 10 15 19 14 5 1 8 16 7 2 18 0 13 12 3 11 6 17 9  ::: 1251.0
 4 19 14 10 3 16 2 8 1 0 17 5 13 7 11 12 6 18 15 9  ::: 1251.0
 9 1 4 10 19 0 18 12 6 13 2 16 3 15 5 14 11 8 7 17  ::: 1257.0
 4 14 1 6 18 19 12 0 10 3 16 17 2 13 5 7 11 15 8 9  ::: 1251.0
 4 13 19 10 18 1 14 5 16 12 2 6 0 3 15 8 7 17 11 9  ::: 1251.0
 4 15 19 0 12 7 2 3 1 10 9 16 18 13 5 14 8 11 6 17  ::: 1259.0
[PFSP] CELL 34/150 ta007 GA/GAS best=1251 mean=1255.6 gap=1.75% | elapsed 0:35:29 | ETA 2:01:04

---------------------- SA --- SAS

 Experiments to SA
 0
 1
 2
 3
 4
 5
 6
 7
 8
 9


:: Metaheuristic :: SA---SAS[50000]  
:: N. Experiment.:: 10
-----------------------------------
:: Better fitness :: 1273.0
:: Average        :: 1284.6
:: St. Deviation  :: 8.766
:: Better Solution in the experiment :: 8
:: N. Better Solution :: 1
 4 18 0 1 3 10 19 15 8 5 7 16 12 11 2 9 13 14 6 17  ::: 1273.0

 4 13 19 0 12 8 7 10 5 14 15 3 18 16 1 9 11 2 6 17  ::: 1294.0
 4 13 19 12 10 7 14 2 1 0 8 16 18 5 11 3 17 15 6 9  ::: 1282.0
 4 10 19 12 2 1 0 13 5 16 15 3 6 17 18 7 14 8 11 9  ::: 1292.0
 12 19 10 3 16 14 1 0 17 7 8 4 5 13 2 11 18 9 6 15  ::: 1287.0
 4 15 1 10 0 14 16 8 19 5 18 17 6 7 2 11 3 12 9 13  ::: 1295.0
 4 10 2 3 12 16 7 14 1 9 19 8 6 13 5 11 15 0 18 17  ::: 1276.0
 4 0 18 10 2 11 7 3 16 12 19 5 14 15 13 1 6 17 8 9  ::: 1275.0
 4 18 0 1 3 10 19 15 8 5 7 16 12 11 2 9 13 14 6 17  ::: 1273.0
 9 15 1 14 8 16 10 7 0 3 19 2 18 13 4 12 6 11 5 17  ::: 1296.0
 4 0 18 1 10 3 9 14 5 19 13 15 17 16 2 7 12 11 6 8  ::: 1276.0
[PFSP] CELL 35/150 ta007 SA/SAS best=1273 mean=1284.6 gap=4.10% | elapsed 0:36:26 | ETA 1:59:45

-------- instance ------ ta008  (n=20, m=5)

---------------------- TS --- TSc

 Experiments to TS
 0


:: Metaheuristic :: TS---TSc[50000]  
:: N. Experiment.:: 1
-----------------------------------
:: Better fitness :: 1212.0
:: Average        :: 1212.0
:: St. Deviation  :: 0.0
:: Better Solution in the experiment :: 1
:: N. Better Solution :: 1
 16 11 15 8 1 13 9 17 3 18 6 7 5 12 4 19 14 0 2 10  ::: 1212.0

 16 11 15 8 1 13 9 17 3 18 6 7 5 12 4 19 14 0 2 10  ::: 1212.0
[PFSP] CELL 36/150 ta008 TS/TSc best=1212 mean=1212.0 gap=0.50% | elapsed 0:36:32 | ETA 1:55:41

---------------------- TS --- TSattr

 Experiments to TS
 0


:: Metaheuristic :: TS---TSattr[50000]  
:: N. Experiment.:: 1
-----------------------------------
:: Better fitness :: 1212.0
:: Average        :: 1212.0
:: St. Deviation  :: 0.0
:: Better Solution in the experiment :: 1
:: N. Better Solution :: 1
 16 11 15 8 1 13 9 17 3 18 6 7 5 12 4 19 14 0 2 10  ::: 1212.0

 16 11 15 8 1 13 9 17 3 18 6 7 5 12 4 19 14 0 2 10  ::: 1212.0
[PFSP] CELL 37/150 ta008 TS/TSattr best=1212 mean=1212.0 gap=0.50% | elapsed 0:36:37 | ETA 1:51:50

---------------------- TS --- TSr

 Experiments to TS
 0
 1
 2
 3
 4
 5
 6
 7
 8
 9


:: Metaheuristic :: TS---TSr[50000]  
:: N. Experiment.:: 10
-----------------------------------
:: Better fitness :: 1206.0
:: Average        :: 1218.0
:: St. Deviation  :: 6.261
:: Better Solution in the experiment :: 5
:: N. Better Solution :: 1
 16 1 15 13 11 8 7 2 17 18 0 9 19 4 6 12 3 14 5 10  ::: 1206.0

 11 1 15 16 13 17 18 7 9 5 8 14 0 2 3 19 4 6 12 10  ::: 1224.0
 16 1 15 11 8 5 3 18 4 9 13 7 19 12 6 17 14 10 2 0  ::: 1217.0
 16 11 8 1 13 4 9 17 19 3 15 18 7 2 12 6 10 14 5 0  ::: 1226.0
 16 1 11 5 8 3 2 4 15 18 13 7 6 9 17 12 19 0 14 10  ::: 1212.0
 16 1 15 13 11 8 7 2 17 18 0 9 19 4 6 12 3 14 5 10  ::: 1206.0
 16 1 15 8 18 9 0 11 4 5 19 7 2 3 6 17 14 13 12 10  ::: 1222.0
 16 11 8 3 9 15 13 1 17 18 6 7 14 5 4 12 2 0 19 10  ::: 1221.0
 16 1 15 8 18 11 17 4 9 6 13 7 5 3 19 12 14 0 2 10  ::: 1211.0
 11 16 15 8 1 3 5 18 7 19 9 17 4 6 13 12 14 10 2 0  ::: 1217.0
 16 1 8 4 15 18 11 9 5 3 19 13 7 14 0 2 17 6 12 10  ::: 1224.0
[PFSP] CELL 38/150 ta008 TS/TSr best=1206 mean=1218.0 gap=1.00% | elapsed 0:37:31 | ETA 1:50:34

---------------------- GA --- GAS

 Experiments to GA
 0
 1
 2
 3
 4
 5
 6
 7
 8
 9


:: Metaheuristic :: GA---GAS[50000]  
:: N. Experiment.:: 10
-----------------------------------
:: Better fitness :: 1207.0
:: Average        :: 1228.9
:: St. Deviation  :: 19.522
:: Better Solution in the experiment :: 4
:: N. Better Solution :: 1
 16 15 8 1 4 13 18 6 7 11 2 17 3 19 14 12 9 5 0 10  ::: 1207.0

 16 1 13 3 15 11 8 0 9 5 18 6 4 14 19 12 7 2 17 10  ::: 1220.0
 11 5 16 1 15 8 4 13 18 7 3 9 19 12 6 0 14 2 17 10  ::: 1226.0
 16 1 8 3 2 11 15 13 4 7 5 18 0 6 9 17 14 12 19 10  ::: 1228.0
 16 15 8 1 4 13 18 6 7 11 2 17 3 19 14 12 9 5 0 10  ::: 1207.0
 16 8 11 5 1 15 13 3 18 12 14 4 7 6 2 0 9 17 10 19  ::: 1275.0
 16 8 3 11 6 1 15 5 7 19 4 18 9 17 13 12 10 14 2 0  ::: 1255.0
 16 11 5 1 8 15 18 3 13 9 17 4 19 7 2 0 6 12 14 10  ::: 1212.0
 16 1 8 11 13 4 6 17 9 5 3 15 18 12 7 19 14 0 2 10  ::: 1220.0
 16 1 8 11 15 12 18 7 6 5 4 3 2 13 14 0 19 9 17 10  ::: 1224.0
 16 1 15 13 8 3 11 2 4 9 0 5 18 7 6 19 17 14 12 10  ::: 1222.0
[PFSP] CELL 39/150 ta008 GA/GAS best=1207 mean=1228.9 gap=1.90% | elapsed 0:41:04 | ETA 1:56:55

---------------------- SA --- SAS

 Experiments to SA
 0
 1
 2
 3
 4
 5
 6
 7
 8
 9


:: Metaheuristic :: SA---SAS[50000]  
:: N. Experiment.:: 10
-----------------------------------
:: Better fitness :: 1286.0
:: Average        :: 1295.3
:: St. Deviation  :: 8.832
:: Better Solution in the experiment :: 6
:: N. Better Solution :: 1
 16 15 13 1 3 11 5 2 8 4 17 6 18 12 14 0 9 19 7 10  ::: 1286.0

 15 1 8 18 9 5 11 4 17 19 3 2 7 14 12 6 13 10 16 0  ::: 1294.0
 5 11 16 3 8 4 14 2 17 1 18 6 7 13 12 9 15 19 10 0  ::: 1298.0
 1 8 16 6 13 15 12 4 18 3 7 9 5 2 0 11 14 17 10 19  ::: 1289.0
 16 1 19 8 7 11 15 9 17 18 12 5 6 13 3 14 4 0 2 10  ::: 1315.0
 1 13 11 3 4 15 8 6 9 5 14 17 12 18 7 2 0 16 19 10  ::: 1300.0
 16 15 13 1 3 11 5 2 8 4 17 6 18 12 14 0 9 19 7 10  ::: 1286.0
 5 8 4 11 16 12 1 18 15 13 0 2 14 6 3 7 9 17 19 10  ::: 1305.0
 5 1 15 16 8 13 6 3 4 11 2 18 19 10 14 7 9 17 12 0  ::: 1291.0
 1 5 8 11 16 0 13 7 4 15 6 18 3 2 14 17 9 12 19 10  ::: 1287.0
 8 16 6 1 15 3 5 2 19 4 11 7 17 18 9 13 12 0 14 10  ::: 1288.0
[PFSP] CELL 40/150 ta008 SA/SAS best=1286 mean=1295.3 gap=7.40% | elapsed 0:42:02 | ETA 1:55:38

-------- instance ------ ta009  (n=20, m=5)

---------------------- TS --- TSc

 Experiments to TS
 0


:: Metaheuristic :: TS---TSc[50000]  
:: N. Experiment.:: 1
-----------------------------------
:: Better fitness :: 1255.0
:: Average        :: 1255.0
:: St. Deviation  :: 0.0
:: Better Solution in the experiment :: 1
:: N. Better Solution :: 1
 3 6 19 0 9 1 7 14 16 12 15 17 2 8 11 5 13 10 18 4  ::: 1255.0

 3 6 19 0 9 1 7 14 16 12 15 17 2 8 11 5 13 10 18 4  ::: 1255.0
[PFSP] CELL 41/150 ta009 TS/TSc best=1255 mean=1255.0 gap=2.03% | elapsed 0:42:08 | ETA 1:52:01

---------------------- TS --- TSattr

 Experiments to TS
 0


:: Metaheuristic :: TS---TSattr[50000]  
:: N. Experiment.:: 1
-----------------------------------
:: Better fitness :: 1273.0
:: Average        :: 1273.0
:: St. Deviation  :: 0.0
:: Better Solution in the experiment :: 1
:: N. Better Solution :: 1
 3 19 0 17 16 14 9 1 15 12 7 6 2 4 11 5 13 10 18 8  ::: 1273.0

 3 19 0 17 16 14 9 1 15 12 7 6 2 4 11 5 13 10 18 8  ::: 1273.0
[PFSP] CELL 42/150 ta009 TS/TSattr best=1273 mean=1273.0 gap=3.50% | elapsed 0:42:13 | ETA 1:48:34

---------------------- TS --- TSr

 Experiments to TS
 0
 1
 2
 3
 4
 5
 6
 7
 8
 9


:: Metaheuristic :: TS---TSr[50000]  
:: N. Experiment.:: 10
-----------------------------------
:: Better fitness :: 1230.0
:: Average        :: 1251.7
:: St. Deviation  :: 12.884
:: Better Solution in the experiment :: 9
:: N. Better Solution :: 2
 3 11 9 1 7 0 10 17 16 14 2 5 19 18 12 15 6 13 8 4  ::: 1230.0

 3 9 1 7 0 17 16 11 2 12 5 15 6 18 19 8 14 10 13 4  ::: 1255.0
 3 1 19 15 11 0 17 16 7 2 5 10 18 13 6 8 4 12 14 9  ::: 1263.0
 3 6 19 0 17 16 14 2 9 1 7 13 12 11 15 5 8 10 4 18  ::: 1255.0
 3 9 1 19 5 17 16 2 14 12 6 15 11 10 0 8 7 13 4 18  ::: 1261.0
 3 1 0 14 17 16 11 9 6 7 2 5 12 15 13 19 8 10 4 18  ::: 1272.0
 3 1 7 15 6 11 9 19 17 2 5 0 13 16 8 10 12 14 18 4  ::: 1244.0
 3 6 7 15 1 0 10 19 5 17 16 13 14 2 8 12 11 9 18 4  ::: 1252.0
 3 6 19 7 0 17 11 9 16 14 5 1 2 15 13 10 12 18 8 4  ::: 1255.0
 3 11 9 1 7 0 10 17 16 14 2 5 19 18 12 15 6 13 8 4  ::: 1230.0
 3 11 9 1 7 0 19 15 17 16 2 5 18 12 10 6 14 13 8 4  ::: 1230.0
[PFSP] CELL 43/150 ta009 TS/TSr best=1230 mean=1251.7 gap=1.76% | elapsed 0:43:07 | ETA 1:47:18

---------------------- GA --- GAS

 Experiments to GA
 0
 1
 2
 3
 4
 5
 6
 7
 8
 9


:: Metaheuristic :: GA---GAS[50000]  
:: N. Experiment.:: 10
-----------------------------------
:: Better fitness :: 1236.0
:: Average        :: 1257.1
:: St. Deviation  :: 12.341
:: Better Solution in the experiment :: 5
:: N. Better Solution :: 1
 3 11 9 1 7 17 16 0 10 19 15 2 5 18 6 8 12 14 13 4  ::: 1236.0

 3 9 1 7 0 11 16 12 17 6 15 19 2 5 13 14 8 10 4 18  ::: 1255.0
 3 1 7 15 6 19 9 11 17 16 5 14 2 0 18 8 12 10 13 4  ::: 1240.0
 3 1 7 9 11 0 19 16 17 14 2 15 10 8 13 12 6 4 5 18  ::: 1253.0
 3 9 1 11 0 7 6 5 17 16 2 14 19 15 10 8 12 13 4 18  ::: 1255.0
 3 11 9 1 7 17 16 0 10 19 15 2 5 18 6 8 12 14 13 4  ::: 1236.0
 3 1 0 7 16 5 19 6 14 11 9 13 17 15 2 12 8 10 4 18  ::: 1272.0
 3 9 1 19 7 6 10 2 5 0 17 16 11 12 8 4 15 18 14 13  ::: 1261.0
 3 19 0 17 15 6 2 7 14 1 9 16 5 8 11 10 4 12 18 13  ::: 1273.0
 3 19 0 17 16 7 2 10 12 9 1 5 4 14 6 11 15 13 18 8  ::: 1273.0
 3 11 9 1 5 0 6 7 19 15 17 2 16 13 10 12 4 8 14 18  ::: 1253.0
[PFSP] CELL 44/150 ta009 GA/GAS best=1236 mean=1257.1 gap=2.20% | elapsed 0:46:34 | ETA 1:52:12

---------------------- SA --- SAS

 Experiments to SA
 0
 1
 2
 3
 4
 5
 6
 7
 8
 9


:: Metaheuristic :: SA---SAS[50000]  
:: N. Experiment.:: 10
-----------------------------------
:: Better fitness :: 1292.0
:: Average        :: 1311.3
:: St. Deviation  :: 13.123
:: Better Solution in the experiment :: 2
:: N. Better Solution :: 1
 3 1 0 7 6 10 9 11 2 5 19 16 15 17 12 13 4 18 14 8  ::: 1292.0

 3 2 0 14 16 8 12 9 11 10 1 7 17 6 5 13 19 15 4 18  ::: 1320.0
 3 1 0 7 6 10 9 11 2 5 19 16 15 17 12 13 4 18 14 8  ::: 1292.0
 6 7 3 15 0 16 1 17 14 9 11 2 4 13 12 5 10 19 8 18  ::: 1313.0
 3 9 6 0 14 2 11 4 16 1 7 19 10 13 12 15 5 8 17 18  ::: 1318.0
 3 6 2 7 11 17 16 19 9 14 1 12 10 5 8 15 0 4 18 13  ::: 1293.0
 3 1 11 9 8 14 16 19 17 2 5 0 13 7 18 6 12 15 10 4  ::: 1317.0
 3 16 19 0 17 11 13 10 5 1 2 7 4 8 15 6 9 12 18 14  ::: 1330.0
 3 16 7 11 9 0 6 17 5 4 13 2 19 10 12 15 18 1 8 14  ::: 1304.0
 3 16 7 19 0 6 2 10 14 8 11 5 1 9 12 13 18 17 4 15  ::: 1298.0
 1 19 5 17 16 10 12 7 3 9 6 13 0 11 15 4 14 2 18 8  ::: 1328.0
[PFSP] CELL 45/150 ta009 SA/SAS best=1292 mean=1311.3 gap=6.61% | elapsed 0:47:32 | ETA 1:50:56

-------- instance ------ ta010  (n=20, m=5)

---------------------- TS --- TSc

 Experiments to TS
 0


:: Metaheuristic :: TS---TSc[50000]  
:: N. Experiment.:: 1
-----------------------------------
:: Better fitness :: 1151.0
:: Average        :: 1151.0
:: St. Deviation  :: 0.0
:: Better Solution in the experiment :: 1
:: N. Better Solution :: 1
 6 18 10 11 15 5 0 12 9 14 1 7 2 3 17 13 16 4 19 8  ::: 1151.0

 6 18 10 11 15 5 0 12 9 14 1 7 2 3 17 13 16 4 19 8  ::: 1151.0
[PFSP] CELL 46/150 ta010 TS/TSc best=1151 mean=1151.0 gap=3.88% | elapsed 0:47:38 | ETA 1:47:43

---------------------- TS --- TSattr

 Experiments to TS
 0


:: Metaheuristic :: TS---TSattr[50000]  
:: N. Experiment.:: 1
-----------------------------------
:: Better fitness :: 1151.0
:: Average        :: 1151.0
:: St. Deviation  :: 0.0
:: Better Solution in the experiment :: 1
:: N. Better Solution :: 1
 6 18 10 11 15 5 0 12 9 14 1 7 2 3 17 13 16 4 19 8  ::: 1151.0

 6 18 10 11 15 5 0 12 9 14 1 7 2 3 17 13 16 4 19 8  ::: 1151.0
[PFSP] CELL 47/150 ta010 TS/TSattr best=1151 mean=1151.0 gap=3.88% | elapsed 0:47:43 | ETA 1:44:36

---------------------- TS --- TSr

 Experiments to TS
 0
 1
 2
 3
 4
 5
 6
 7
 8
 9


:: Metaheuristic :: TS---TSr[50000]  
:: N. Experiment.:: 10
-----------------------------------
:: Better fitness :: 1120.0
:: Average        :: 1133.1
:: St. Deviation  :: 14.216
:: Better Solution in the experiment :: 10
:: N. Better Solution :: 1
 4 15 11 5 10 0 12 9 7 1 17 6 2 14 18 13 19 16 3 8  ::: 1120.0

 4 10 6 9 15 11 2 18 12 17 5 7 3 13 1 0 8 14 16 19  ::: 1161.0
 4 10 6 18 15 5 9 11 13 2 14 12 7 0 1 17 3 19 16 8  ::: 1123.0
 18 10 11 5 7 6 4 19 12 9 2 15 8 0 1 17 13 16 3 14  ::: 1131.0
 10 6 15 4 9 1 5 7 19 0 2 12 17 11 18 13 16 3 14 8  ::: 1127.0
 10 6 11 5 9 7 18 1 15 17 16 13 4 19 12 0 2 3 14 8  ::: 1127.0
 10 4 15 5 12 9 17 1 6 19 11 7 16 18 0 13 2 3 14 8  ::: 1127.0
 4 15 5 10 12 9 18 16 17 6 0 1 14 11 7 2 19 3 13 8  ::: 1161.0
 6 15 5 18 0 10 1 7 2 9 13 4 19 11 16 12 17 3 14 8  ::: 1127.0
 18 15 5 9 10 2 11 0 12 13 16 4 19 6 7 1 17 3 14 8  ::: 1127.0
 4 15 11 5 10 0 12 9 7 1 17 6 2 14 18 13 19 16 3 8  ::: 1120.0
[PFSP] CELL 48/150 ta010 TS/TSr best=1120 mean=1133.1 gap=2.27% | elapsed 0:48:37 | ETA 1:43:20

---------------------- GA --- GAS

 Experiments to GA
 0
 1
 2
 3
 4
 5
 6
 7
 8
 9


:: Metaheuristic :: GA---GAS[50000]  
:: N. Experiment.:: 10
-----------------------------------
:: Better fitness :: 1108.0
:: Average        :: 1140.1
:: St. Deviation  :: 17.172
:: Better Solution in the experiment :: 9
:: N. Better Solution :: 1
 10 6 5 11 9 15 18 7 0 1 19 4 13 12 17 2 14 16 3 8  ::: 1108.0

 4 15 9 10 12 0 8 7 11 2 5 19 18 6 17 1 14 13 16 3  ::: 1147.0
 4 15 6 9 10 1 0 13 12 5 17 2 7 16 18 19 11 3 14 8  ::: 1127.0
 10 6 15 0 18 7 9 12 5 14 13 2 8 17 1 4 19 16 11 3  ::: 1138.0
 15 6 10 11 4 9 12 5 7 17 16 18 19 1 0 13 2 3 14 8  ::: 1127.0
 0 12 9 15 11 7 10 5 18 4 19 6 1 17 8 2 13 16 3 14  ::: 1172.0
 10 6 5 9 11 19 18 15 17 1 7 0 16 2 12 4 14 13 3 8  ::: 1147.0
 10 6 0 18 15 7 5 9 1 17 11 13 2 14 16 8 4 19 12 3  ::: 1138.0
 10 6 5 9 16 14 4 1 0 12 15 11 7 2 8 17 18 13 3 19  ::: 1161.0
 10 6 5 11 9 15 18 7 0 1 19 4 13 12 17 2 14 16 3 8  ::: 1108.0
 15 5 11 7 9 6 12 10 2 18 4 17 13 1 0 16 19 3 14 8  ::: 1136.0
[PFSP] CELL 49/150 ta010 GA/GAS best=1108 mean=1140.1 gap=2.90% | elapsed 0:51:56 | ETA 1:47:04

---------------------- SA --- SAS

 Experiments to SA
 0
 1
 2
 3
 4
 5
 6
 7
 8
 9


:: Metaheuristic :: SA---SAS[50000]  
:: N. Experiment.:: 10
-----------------------------------
:: Better fitness :: 1174.0
:: Average        :: 1193.7
:: St. Deviation  :: 10.46
:: Better Solution in the experiment :: 4
:: N. Better Solution :: 1
 10 5 12 6 11 15 0 16 18 17 4 2 13 1 7 9 19 3 14 8  ::: 1174.0

 18 9 15 16 0 6 7 2 10 1 11 14 17 5 8 13 4 12 19 3  ::: 1208.0
 15 10 4 11 5 0 9 19 7 12 16 18 17 1 6 14 13 8 2 3  ::: 1209.0
 6 10 15 9 14 5 18 11 13 7 0 12 2 4 8 1 17 16 19 3  ::: 1182.0
 10 5 12 6 11 15 0 16 18 17 4 2 13 1 7 9 19 3 14 8  ::: 1174.0
 5 9 6 15 7 13 1 17 18 2 0 12 14 10 4 19 16 3 11 8  ::: 1191.0
 0 6 11 7 10 18 15 1 17 16 2 5 13 9 19 3 12 4 8 14  ::: 1196.0
 11 5 15 17 2 10 12 6 4 1 18 0 13 7 9 16 8 3 19 14  ::: 1198.0
 4 15 10 0 5 6 14 12 18 2 7 19 11 9 1 17 16 8 3 13  ::: 1198.0
 10 11 5 2 17 6 15 18 4 12 7 9 19 16 8 0 1 3 13 14  ::: 1185.0
 10 15 7 6 12 4 18 5 1 9 11 0 2 13 19 3 14 16 17 8  ::: 1196.0
[PFSP] CELL 50/150 ta010 SA/SAS best=1174 mean=1193.7 gap=7.73% | elapsed 0:52:56 | ETA 1:45:53

-------- instance ------ ta011  (n=20, m=10)

---------------------- TS --- TSc

 Experiments to TS
 0


:: Metaheuristic :: TS---TSc[50000]  
:: N. Experiment.:: 1
-----------------------------------
:: Better fitness :: 1586.0
:: Average        :: 1586.0
:: St. Deviation  :: 0.0
:: Better Solution in the experiment :: 1
:: N. Better Solution :: 1
 17 4 1 11 16 14 8 9 3 13 2 5 18 7 19 10 12 6 0 15  ::: 1586.0

 17 4 1 11 16 14 8 9 3 13 2 5 18 7 19 10 12 6 0 15  ::: 1586.0
[PFSP] CELL 51/150 ta011 TS/TSc best=1586 mean=1586.0 gap=0.25% | elapsed 0:53:06 | ETA 1:43:05

---------------------- TS --- TSattr

 Experiments to TS
 0


:: Metaheuristic :: TS---TSattr[50000]  
:: N. Experiment.:: 1
-----------------------------------
:: Better fitness :: 1586.0
:: Average        :: 1586.0
:: St. Deviation  :: 0.0
:: Better Solution in the experiment :: 1
:: N. Better Solution :: 1
 17 4 1 11 16 14 8 9 3 13 2 5 18 7 19 10 12 6 0 15  ::: 1586.0

 17 4 1 11 16 14 8 9 3 13 2 5 18 7 19 10 12 6 0 15  ::: 1586.0
[PFSP] CELL 52/150 ta011 TS/TSattr best=1586 mean=1586.0 gap=0.25% | elapsed 0:53:16 | ETA 1:40:24

---------------------- TS --- TSr

 Experiments to TS
 0
 1
 2
 3
 4
 5
 6
 7
 8
 9


:: Metaheuristic :: TS---TSr[50000]  
:: N. Experiment.:: 10
-----------------------------------
:: Better fitness :: 1582.0
:: Average        :: 1610.1
:: St. Deviation  :: 13.209
:: Better Solution in the experiment :: 9
:: N. Better Solution :: 1
 17 4 1 11 8 9 3 13 12 14 16 2 5 18 7 19 10 6 0 15  ::: 1582.0

 3 4 18 14 11 5 8 7 19 2 1 9 16 12 10 13 6 17 0 15  ::: 1625.0
 4 8 14 11 16 18 9 3 1 13 7 19 2 6 5 12 10 17 0 15  ::: 1621.0
 17 4 3 1 8 19 11 7 14 9 16 12 10 13 5 18 2 6 0 15  ::: 1605.0
 4 8 14 11 16 3 12 1 19 9 10 6 17 5 13 7 18 2 0 15  ::: 1617.0
 4 1 11 8 2 3 7 19 17 16 12 14 6 5 18 10 13 9 0 15  ::: 1592.0
 3 4 8 11 17 1 16 7 19 9 10 12 14 6 5 13 18 2 0 15  ::: 1618.0
 3 4 18 8 11 13 9 16 1 17 7 19 10 12 2 5 14 6 0 15  ::: 1618.0
 3 4 2 5 8 14 11 6 1 16 18 7 19 10 12 13 9 17 0 15  ::: 1618.0
 17 4 1 11 8 9 3 13 12 14 16 2 5 18 7 19 10 6 0 15  ::: 1582.0
 17 4 8 11 2 3 5 13 7 1 19 10 18 16 12 14 9 6 0 15  ::: 1605.0
[PFSP] CELL 53/150 ta011 TS/TSr best=1582 mean=1610.1 gap=1.78% | elapsed 0:54:54 | ETA 1:40:29

---------------------- GA --- GAS

 Experiments to GA
 0
 1
 2
 3
 4
 5
 6
 7
 8
 9


:: Metaheuristic :: GA---GAS[50000]  
:: N. Experiment.:: 10
-----------------------------------
:: Better fitness :: 1583.0
:: Average        :: 1632.0
:: St. Deviation  :: 34.699
:: Better Solution in the experiment :: 6
:: N. Better Solution :: 1
 17 4 1 11 16 2 3 12 14 8 9 5 18 7 19 10 13 6 0 15  ::: 1583.0

 3 4 8 11 13 9 16 1 2 5 18 17 7 19 14 10 12 6 0 15  ::: 1623.0
 4 8 9 14 3 13 11 10 1 18 16 17 12 0 2 5 7 19 6 15  ::: 1658.0
 3 4 13 11 5 18 8 7 19 2 16 12 1 9 10 14 17 0 6 15  ::: 1637.0
 4 8 1 11 9 7 19 16 6 12 14 10 17 3 5 13 18 2 0 15  ::: 1639.0
 4 1 15 9 14 10 8 11 16 17 12 0 19 3 13 7 5 18 2 6  ::: 1712.0
 17 4 1 11 16 2 3 12 14 8 9 5 18 7 19 10 13 6 0 15  ::: 1583.0
 3 1 8 9 4 2 5 14 16 18 17 13 12 11 7 19 10 0 6 15  ::: 1632.0
 17 4 1 8 9 13 11 16 14 12 2 3 5 18 7 19 10 6 0 15  ::: 1602.0
 4 1 11 8 2 3 7 18 16 12 9 14 17 5 13 19 10 6 0 15  ::: 1594.0
 17 4 5 18 2 16 1 8 19 9 14 3 13 11 7 12 10 0 6 15  ::: 1640.0
[PFSP] CELL 54/150 ta011 GA/GAS best=1583 mean=1632.0 gap=3.16% | elapsed 0:58:52 | ETA 1:44:39

---------------------- SA --- SAS

 Experiments to SA
 0
 1
 2
 3
 4
 5
 6
 7
 8
 9


:: Metaheuristic :: SA---SAS[50000]  
:: N. Experiment.:: 10
-----------------------------------
:: Better fitness :: 1703.0
:: Average        :: 1736.5
:: St. Deviation  :: 19.34
:: Better Solution in the experiment :: 8
:: N. Better Solution :: 1
 3 1 11 9 12 17 5 18 4 14 8 16 10 7 19 13 6 2 0 15  ::: 1703.0

 3 13 11 1 4 16 8 7 19 18 2 9 12 0 6 5 14 10 17 15  ::: 1720.0
 4 3 2 13 16 1 11 5 19 18 17 8 14 15 10 7 9 12 0 6  ::: 1715.0
 4 9 13 11 7 19 8 6 12 16 1 14 10 17 18 2 5 15 3 0  ::: 1733.0
 1 16 4 18 3 19 7 12 10 2 8 6 5 17 13 11 14 0 9 15  ::: 1748.0
 3 14 9 13 5 11 7 19 16 18 8 4 10 17 12 2 1 0 6 15  ::: 1726.0
 3 5 11 10 1 2 4 16 7 18 6 0 19 8 13 12 9 14 15 17  ::: 1754.0
 8 3 0 19 17 4 10 1 11 14 13 2 5 12 16 6 7 18 15 9  ::: 1768.0
 3 1 11 9 12 17 5 18 4 14 8 16 10 7 19 13 6 2 0 15  ::: 1703.0
 8 2 17 16 6 4 5 18 3 7 19 13 10 1 11 0 14 12 9 15  ::: 1746.0
 3 4 8 2 16 7 19 13 9 12 6 14 11 5 0 1 10 15 18 17  ::: 1752.0
[PFSP] CELL 55/150 ta011 SA/SAS best=1703 mean=1736.5 gap=9.77% | elapsed 1:00:30 | ETA 1:44:30

-------- instance ------ ta012  (n=20, m=10)

---------------------- TS --- TSc

 Experiments to TS
 0


:: Metaheuristic :: TS---TSc[50000]  
:: N. Experiment.:: 1
-----------------------------------
:: Better fitness :: 1695.0
:: Average        :: 1695.0
:: St. Deviation  :: 0.0
:: Better Solution in the experiment :: 1
:: N. Better Solution :: 1
 16 11 18 14 4 12 8 10 19 9 1 0 5 6 2 3 17 15 7 13  ::: 1695.0

 16 11 18 14 4 12 8 10 19 9 1 0 5 6 2 3 17 15 7 13  ::: 1695.0
[PFSP] CELL 56/150 ta012 TS/TSc best=1695 mean=1695.0 gap=2.17% | elapsed 1:00:39 | ETA 1:41:48

---------------------- TS --- TSattr

 Experiments to TS
 0


:: Metaheuristic :: TS---TSattr[50000]  
:: N. Experiment.:: 1
-----------------------------------
:: Better fitness :: 1695.0
:: Average        :: 1695.0
:: St. Deviation  :: 0.0
:: Better Solution in the experiment :: 1
:: N. Better Solution :: 1
 16 11 18 14 4 12 8 10 19 9 1 0 5 6 2 3 17 15 7 13  ::: 1695.0

 16 11 18 14 4 12 8 10 19 9 1 0 5 6 2 3 17 15 7 13  ::: 1695.0
[PFSP] CELL 57/150 ta012 TS/TSattr best=1695 mean=1695.0 gap=2.17% | elapsed 1:00:48 | ETA 1:39:13

---------------------- TS --- TSr

 Experiments to TS
 0
 1
 2
 3
 4
 5
 6
 7
 8
 9


:: Metaheuristic :: TS---TSr[50000]  
:: N. Experiment.:: 10
-----------------------------------
:: Better fitness :: 1669.0
:: Average        :: 1691.1
:: St. Deviation  :: 26.365
:: Better Solution in the experiment :: 6
:: N. Better Solution :: 1
 18 14 11 12 16 8 1 6 19 10 9 0 4 15 3 7 13 2 5 17  ::: 1669.0

 16 11 18 8 14 9 4 19 6 15 10 3 1 12 0 7 13 2 5 17  ::: 1690.0
 11 16 18 8 1 5 12 14 10 9 0 4 19 6 3 15 7 13 2 17  ::: 1676.0
 16 14 11 12 4 10 19 8 6 1 2 15 3 9 0 18 5 7 13 17  ::: 1706.0
 18 11 16 8 12 1 10 19 0 4 6 3 15 2 14 9 7 13 5 17  ::: 1679.0
 18 16 11 8 1 19 12 14 6 0 4 15 10 3 9 7 13 2 5 17  ::: 1682.0
 18 14 11 12 16 8 1 6 19 10 9 0 4 15 3 7 13 2 5 17  ::: 1669.0
 11 16 19 8 6 18 9 0 4 12 14 10 5 1 15 3 7 13 2 17  ::: 1674.0
 1 16 18 10 3 11 12 2 8 15 14 9 0 19 6 4 7 5 13 17  ::: 1764.0
 18 16 11 8 1 12 14 19 6 3 15 0 4 10 9 5 7 13 2 17  ::: 1678.0
 18 14 11 16 19 8 6 0 4 12 1 2 17 15 10 3 9 13 7 5  ::: 1693.0
[PFSP] CELL 58/150 ta012 TS/TSr best=1669 mean=1691.1 gap=1.93% | elapsed 1:02:23 | ETA 1:38:58

---------------------- GA --- GAS

 Experiments to GA
 0
 1
 2
 3
 4
 5
 6
 7
 8
 9


:: Metaheuristic :: GA---GAS[50000]  
:: N. Experiment.:: 10
-----------------------------------
:: Better fitness :: 1671.0
:: Average        :: 1719.2
:: St. Deviation  :: 27.978
:: Better Solution in the experiment :: 7
:: N. Better Solution :: 1
 16 11 18 15 8 1 12 14 0 4 10 19 6 3 9 7 13 2 5 17  ::: 1671.0

 18 14 11 16 8 0 4 12 19 10 1 9 6 13 3 17 15 2 7 5  ::: 1683.0
 4 10 16 8 11 14 1 0 19 3 12 9 5 6 13 17 18 15 2 7  ::: 1761.0
 16 1 18 8 9 3 11 12 4 10 19 0 6 14 13 5 2 17 15 7  ::: 1761.0
 16 11 12 7 10 18 14 19 6 9 0 4 3 8 15 1 13 2 5 17  ::: 1704.0
 16 11 4 12 14 8 18 19 9 1 0 13 10 6 2 15 3 7 5 17  ::: 1720.0
 16 11 4 12 19 8 6 7 3 10 14 9 18 15 0 1 2 5 17 13  ::: 1720.0
 16 11 18 15 8 1 12 14 0 4 10 19 6 3 9 7 13 2 5 17  ::: 1671.0
 18 16 3 11 8 12 4 14 9 0 19 6 10 5 1 15 2 7 13 17  ::: 1726.0
 16 11 18 8 4 19 12 14 9 1 15 10 3 5 6 0 2 17 7 13  ::: 1709.0
 18 4 11 17 12 8 16 14 19 9 10 3 15 0 1 6 2 5 7 13  ::: 1737.0
[PFSP] CELL 59/150 ta012 GA/GAS best=1671 mean=1719.2 gap=3.63% | elapsed 1:06:37 | ETA 1:42:45

---------------------- SA --- SAS

 Experiments to SA
 0
 1
 2
 3
 4
 5
 6
 7
 8
 9


:: Metaheuristic :: SA---SAS[50000]  
:: N. Experiment.:: 10
-----------------------------------
:: Better fitness :: 1795.0
:: Average        :: 1810.1
:: St. Deviation  :: 12.589
:: Better Solution in the experiment :: 1
:: N. Better Solution :: 2
 11 6 18 8 4 13 19 12 10 9 17 0 16 3 14 1 15 7 2 5  ::: 1795.0

 11 6 18 8 4 13 19 12 10 9 17 0 16 3 14 1 15 7 2 5  ::: 1795.0
 11 16 18 8 0 7 5 14 12 19 10 9 15 2 4 6 1 3 17 13  ::: 1809.0
 18 1 5 16 11 12 10 17 0 19 6 14 15 9 13 2 8 3 4 7  ::: 1828.0
 4 7 16 3 12 18 9 14 11 0 10 19 6 15 2 8 17 1 5 13  ::: 1812.0
 4 11 19 1 8 3 6 15 18 9 13 12 10 0 14 16 7 2 5 17  ::: 1832.0
 16 19 14 12 1 0 6 11 10 8 18 4 7 9 15 2 5 3 17 13  ::: 1801.0
 16 12 1 0 11 10 4 5 18 9 14 19 15 17 6 13 8 7 3 2  ::: 1822.0
 16 11 1 10 4 6 12 8 2 0 19 17 9 18 14 3 15 7 5 13  ::: 1801.0
 11 18 4 8 12 6 1 19 0 16 14 17 9 15 10 5 7 3 13 2  ::: 1795.0
 4 14 8 0 6 16 18 11 12 19 9 3 15 10 7 1 2 5 17 13  ::: 1806.0
[PFSP] CELL 60/150 ta012 SA/SAS best=1795 mean=1810.1 gap=9.11% | elapsed 1:08:16 | ETA 1:42:24

-------- instance ------ ta013  (n=20, m=10)

---------------------- TS --- TSc

 Experiments to TS
 0


:: Metaheuristic :: TS---TSc[50000]  
:: N. Experiment.:: 1
-----------------------------------
:: Better fitness :: 1520.0
:: Average        :: 1520.0
:: St. Deviation  :: 0.0
:: Better Solution in the experiment :: 1
:: N. Better Solution :: 1
 3 8 15 6 4 0 1 11 12 10 14 19 5 9 16 13 17 18 2 7  ::: 1520.0

 3 8 15 6 4 0 1 11 12 10 14 19 5 9 16 13 17 18 2 7  ::: 1520.0
[PFSP] CELL 61/150 ta013 TS/TSc best=1520 mean=1520.0 gap=1.60% | elapsed 1:08:25 | ETA 1:39:50

---------------------- TS --- TSattr

 Experiments to TS
 0


:: Metaheuristic :: TS---TSattr[50000]  
:: N. Experiment.:: 1
-----------------------------------
:: Better fitness :: 1520.0
:: Average        :: 1520.0
:: St. Deviation  :: 0.0
:: Better Solution in the experiment :: 1
:: N. Better Solution :: 1
 3 8 15 6 4 0 1 11 12 10 14 19 5 9 16 13 17 18 2 7  ::: 1520.0

 3 8 15 6 4 0 1 11 12 10 14 19 5 9 16 13 17 18 2 7  ::: 1520.0
[PFSP] CELL 62/150 ta013 TS/TSattr best=1520 mean=1520.0 gap=1.60% | elapsed 1:08:35 | ETA 1:37:21

---------------------- TS --- TSr

 Experiments to TS
 0
 1
 2
 3
 4
 5
 6
 7
 8
 9


:: Metaheuristic :: TS---TSr[50000]  
:: N. Experiment.:: 10
-----------------------------------
:: Better fitness :: 1509.0
:: Average        :: 1529.0
:: St. Deviation  :: 13.653
:: Better Solution in the experiment :: 5
:: N. Better Solution :: 1
 3 6 8 15 14 12 19 13 4 9 10 5 0 16 2 1 11 17 18 7  ::: 1509.0

 3 2 0 19 8 13 4 6 5 14 9 16 15 11 12 10 1 17 7 18  ::: 1542.0
 3 2 19 8 12 15 16 6 14 10 5 9 4 11 18 17 1 13 0 7  ::: 1537.0
 3 8 2 12 19 15 6 1 14 0 16 10 5 13 9 4 11 17 18 7  ::: 1527.0
 3 6 8 4 0 1 15 14 12 2 19 9 16 13 10 5 11 17 18 7  ::: 1521.0
 3 6 8 15 14 12 19 13 4 9 10 5 0 16 2 1 11 17 18 7  ::: 1509.0
 3 6 2 8 10 4 1 12 14 5 0 19 15 11 9 16 13 17 18 7  ::: 1516.0
 3 6 15 9 16 10 5 13 12 2 8 4 14 0 19 1 11 17 7 18  ::: 1547.0
 3 8 15 12 19 9 17 4 14 1 11 6 18 16 10 5 2 13 0 7  ::: 1550.0
 3 6 8 15 14 11 12 19 10 5 9 4 0 16 2 1 13 17 7 18  ::: 1514.0
 3 8 1 12 0 15 2 14 19 13 4 9 10 18 5 11 17 16 6 7  ::: 1527.0
[PFSP] CELL 63/150 ta013 TS/TSr best=1509 mean=1529.0 gap=2.21% | elapsed 1:10:10 | ETA 1:36:54

---------------------- GA --- GAS

 Experiments to GA
 0
 1
 2
 3
 4
 5
 6
 7
 8
 9


:: Metaheuristic :: GA---GAS[50000]  
:: N. Experiment.:: 10
-----------------------------------
:: Better fitness :: 1525.0
:: Average        :: 1552.2
:: St. Deviation  :: 19.631
:: Better Solution in the experiment :: 8
:: N. Better Solution :: 1
 3 8 4 0 19 9 15 14 6 16 1 13 12 10 5 11 17 18 2 7  ::: 1525.0

 6 8 12 19 15 0 4 3 10 1 13 14 9 5 2 16 11 17 18 7  ::: 1554.0
 8 15 16 9 10 4 0 19 17 1 13 14 12 5 3 2 11 6 18 7  ::: 1583.0
 3 8 5 6 12 19 9 4 13 2 10 16 1 11 17 14 18 15 0 7  ::: 1580.0
 3 0 2 19 14 8 12 15 5 6 16 10 4 9 1 13 11 17 7 18  ::: 1537.0
 6 15 9 4 14 17 12 19 1 13 11 16 8 10 5 0 18 3 2 7  ::: 1571.0
 3 8 12 4 0 2 19 6 14 1 10 5 16 15 11 9 18 13 17 7  ::: 1532.0
 6 15 3 14 9 8 1 10 5 11 12 4 0 19 16 13 18 2 17 7  ::: 1533.0
 3 8 4 0 19 9 15 14 6 16 1 13 12 10 5 11 17 18 2 7  ::: 1525.0
 6 1 15 3 14 8 12 19 4 11 9 18 10 16 0 5 13 17 2 7  ::: 1550.0
 6 19 8 1 15 11 12 4 10 14 3 18 5 13 9 17 16 0 2 7  ::: 1557.0
[PFSP] CELL 64/150 ta013 GA/GAS best=1525 mean=1552.2 gap=3.76% | elapsed 1:14:36 | ETA 1:40:14

---------------------- SA --- SAS

 Experiments to SA
 0
 1
 2
 3
 4
 5
 6
 7
 8
 9


:: Metaheuristic :: SA---SAS[50000]  
:: N. Experiment.:: 10
-----------------------------------
:: Better fitness :: 1605.0
:: Average        :: 1644.0
:: St. Deviation  :: 17.652
:: Better Solution in the experiment :: 4
:: N. Better Solution :: 1
 6 19 15 14 2 9 4 13 16 8 5 0 12 1 3 11 10 7 17 18  ::: 1605.0

 8 3 6 1 19 16 17 18 4 11 9 15 14 12 13 10 5 2 0 7  ::: 1638.0
 6 8 13 12 15 4 9 19 11 0 1 2 16 3 18 14 10 5 17 7  ::: 1644.0
 6 8 19 1 10 13 14 16 0 4 3 9 15 12 11 5 17 2 18 7  ::: 1648.0
 6 19 15 14 2 9 4 13 16 8 5 0 12 1 3 11 10 7 17 18  ::: 1605.0
 3 8 9 12 6 14 13 5 1 11 2 16 4 0 19 10 17 15 18 7  ::: 1659.0
 3 9 15 12 2 6 16 0 14 19 8 10 1 11 4 7 17 5 13 18  ::: 1660.0
 3 8 1 0 15 13 11 14 12 17 6 16 18 10 5 2 9 4 19 7  ::: 1628.0
 3 8 5 9 1 6 11 12 17 0 4 19 14 13 10 16 2 15 7 18  ::: 1663.0
 6 0 2 1 4 15 12 5 11 3 9 14 8 10 13 19 18 7 16 17  ::: 1633.0
 3 15 12 2 6 10 16 9 4 13 14 0 8 11 5 17 19 1 7 18  ::: 1662.0
[PFSP] CELL 65/150 ta013 SA/SAS best=1605 mean=1644.0 gap=9.89% | elapsed 1:16:15 | ETA 1:39:42

-------- instance ------ ta014  (n=20, m=10)

---------------------- TS --- TSc

 Experiments to TS
 0


:: Metaheuristic :: TS---TSc[50000]  
:: N. Experiment.:: 1
-----------------------------------
:: Better fitness :: 1406.0
:: Average        :: 1406.0
:: St. Deviation  :: 0.0
:: Better Solution in the experiment :: 1
:: N. Better Solution :: 1
 2 8 12 19 17 3 15 14 0 9 1 10 6 7 5 11 13 16 18 4  ::: 1406.0

 2 8 12 19 17 3 15 14 0 9 1 10 6 7 5 11 13 16 18 4  ::: 1406.0
[PFSP] CELL 66/150 ta014 TS/TSc best=1406 mean=1406.0 gap=2.11% | elapsed 1:16:24 | ETA 1:37:14

---------------------- TS --- TSattr

 Experiments to TS
 0


:: Metaheuristic :: TS---TSattr[50000]  
:: N. Experiment.:: 1
-----------------------------------
:: Better fitness :: 1406.0
:: Average        :: 1406.0
:: St. Deviation  :: 0.0
:: Better Solution in the experiment :: 1
:: N. Better Solution :: 1
 2 8 12 19 17 3 15 14 0 9 1 10 6 7 5 11 13 16 18 4  ::: 1406.0

 2 8 12 19 17 3 15 14 0 9 1 10 6 7 5 11 13 16 18 4  ::: 1406.0
[PFSP] CELL 67/150 ta014 TS/TSattr best=1406 mean=1406.0 gap=2.11% | elapsed 1:16:33 | ETA 1:34:50

---------------------- TS --- TSr

 Experiments to TS
 0
 1
 2
 3
 4
 5
 6
 7
 8
 9


:: Metaheuristic :: TS---TSr[50000]  
:: N. Experiment.:: 10
-----------------------------------
:: Better fitness :: 1392.0
:: Average        :: 1404.8
:: St. Deviation  :: 13.585
:: Better Solution in the experiment :: 10
:: N. Better Solution :: 1
 17 19 2 10 3 9 11 15 14 0 1 6 5 7 13 18 8 12 16 4  ::: 1392.0

 2 11 19 9 8 12 0 1 14 6 5 10 3 15 17 7 13 16 18 4  ::: 1406.0
 2 10 3 8 5 0 15 9 11 19 1 14 7 12 18 6 17 4 13 16  ::: 1442.0
 2 8 5 19 9 11 15 18 10 3 0 1 6 17 12 7 13 16 14 4  ::: 1394.0
 17 19 10 3 5 1 2 11 12 15 0 7 18 6 9 14 8 13 16 4  ::: 1407.0
 2 11 19 15 0 9 10 17 6 13 14 5 1 7 3 8 12 16 18 4  ::: 1408.0
 17 19 2 9 11 15 14 10 12 0 1 6 7 5 13 18 8 3 4 16  ::: 1397.0
 19 2 9 11 15 17 8 7 12 0 1 6 5 3 14 10 13 18 16 4  ::: 1405.0
 17 19 2 11 0 15 9 5 1 6 18 8 12 14 10 3 13 16 7 4  ::: 1402.0
 17 19 2 11 14 12 6 10 9 5 15 0 1 7 8 3 13 16 18 4  ::: 1395.0
 17 19 2 10 3 9 11 15 14 0 1 6 5 7 13 18 8 12 16 4  ::: 1392.0
[PFSP] CELL 68/150 ta014 TS/TSr best=1392 mean=1404.8 gap=2.02% | elapsed 1:18:06 | ETA 1:34:11

---------------------- GA --- GAS

 Experiments to GA
 0
 1
 2
 3
 4
 5
 6
 7
 8
 9


:: Metaheuristic :: GA---GAS[50000]  
:: N. Experiment.:: 10
-----------------------------------
:: Better fitness :: 1379.0
:: Average        :: 1424.5
:: St. Deviation  :: 26.273
:: Better Solution in the experiment :: 5
:: N. Better Solution :: 1
 2 10 5 17 6 3 9 11 19 15 14 0 1 7 8 12 13 16 18 4  ::: 1379.0

 2 19 1 4 17 3 0 14 15 7 9 5 11 10 12 6 18 8 13 16  ::: 1458.0
 14 10 12 2 5 15 9 11 6 0 17 19 1 3 18 7 8 13 16 4  ::: 1462.0
 2 10 5 19 17 3 15 0 9 11 7 1 14 6 12 8 13 18 16 4  ::: 1397.0
 2 10 3 17 6 5 11 15 19 9 16 14 7 8 12 0 1 18 4 13  ::: 1432.0
 2 10 5 17 6 3 9 11 19 15 14 0 1 7 8 12 13 16 18 4  ::: 1379.0
 2 5 1 14 6 17 4 3 0 19 11 15 9 16 10 7 12 18 8 13  ::: 1450.0
 2 11 19 15 10 5 0 1 6 14 17 3 7 9 12 8 13 18 16 4  ::: 1416.0
 17 2 8 19 5 1 14 6 9 7 12 3 11 13 15 0 16 18 10 4  ::: 1437.0
 17 2 8 3 0 15 9 10 12 19 14 1 6 7 5 11 13 18 16 4  ::: 1407.0
 2 10 5 19 1 6 17 4 12 0 15 14 9 11 7 3 8 13 16 18  ::: 1407.0
[PFSP] CELL 69/150 ta014 GA/GAS best=1379 mean=1424.5 gap=3.45% | elapsed 1:22:14 | ETA 1:36:32

---------------------- SA --- SAS

 Experiments to SA
 0
 1
 2
 3
 4
 5
 6
 7
 8
 9


:: Metaheuristic :: SA---SAS[50000]  
:: N. Experiment.:: 10
-----------------------------------
:: Better fitness :: 1489.0
:: Average        :: 1524.2
:: St. Deviation  :: 14.675
:: Better Solution in the experiment :: 2
:: N. Better Solution :: 1
 17 3 19 11 8 13 2 9 10 1 6 14 0 15 5 12 18 16 7 4  ::: 1489.0

 11 15 9 2 19 14 8 7 17 12 0 10 1 6 13 5 18 3 16 4  ::: 1523.0
 17 3 19 11 8 13 2 9 10 1 6 14 0 15 5 12 18 16 7 4  ::: 1489.0
 2 10 9 11 8 17 5 3 13 19 1 18 15 7 16 6 14 0 12 4  ::: 1535.0
 19 5 3 17 11 10 9 12 15 2 14 7 0 13 6 8 1 4 18 16  ::: 1540.0
 19 2 9 10 11 5 18 8 13 17 6 12 3 7 0 15 1 14 4 16  ::: 1539.0
 17 11 14 3 8 9 2 15 1 0 6 7 10 5 19 13 18 16 12 4  ::: 1535.0
 1 2 8 9 11 3 14 0 10 5 15 17 19 6 4 7 12 18 13 16  ::: 1522.0
 2 8 5 19 1 4 17 15 9 16 14 6 0 11 10 12 18 13 7 3  ::: 1526.0
 17 14 12 19 9 2 1 10 4 6 8 5 0 18 11 3 15 16 7 13  ::: 1510.0
 19 1 14 2 11 5 6 0 17 9 10 7 13 18 8 3 16 15 12 4  ::: 1523.0
[PFSP] CELL 70/150 ta014 SA/SAS best=1489 mean=1524.2 gap=10.69% | elapsed 1:23:52 | ETA 1:35:51

-------- instance ------ ta015  (n=20, m=10)

---------------------- TS --- TSc

 Experiments to TS
 0


:: Metaheuristic :: TS---TSc[50000]  
:: N. Experiment.:: 1
-----------------------------------
:: Better fitness :: 1461.0
:: Average        :: 1461.0
:: St. Deviation  :: 0.0
:: Better Solution in the experiment :: 1
:: N. Better Solution :: 1
 15 7 3 17 13 14 16 12 0 1 5 19 4 6 2 18 8 11 10 9  ::: 1461.0

 15 7 3 17 13 14 16 12 0 1 5 19 4 6 2 18 8 11 10 9  ::: 1461.0
[PFSP] CELL 71/150 ta015 TS/TSc best=1461 mean=1461.0 gap=2.96% | elapsed 1:24:02 | ETA 1:33:30

---------------------- TS --- TSattr

 Experiments to TS
 0


:: Metaheuristic :: TS---TSattr[50000]  
:: N. Experiment.:: 1
-----------------------------------
:: Better fitness :: 1470.0
:: Average        :: 1470.0
:: St. Deviation  :: 0.0
:: Better Solution in the experiment :: 1
:: N. Better Solution :: 1
 15 7 3 17 13 14 12 5 0 6 8 16 1 19 4 2 18 11 10 9  ::: 1470.0

 15 7 3 17 13 14 12 5 0 6 8 16 1 19 4 2 18 11 10 9  ::: 1470.0
[PFSP] CELL 72/150 ta015 TS/TSattr best=1470 mean=1470.0 gap=3.59% | elapsed 1:24:11 | ETA 1:31:12

---------------------- TS --- TSr

 Experiments to TS
 0
 1
 2
 3
 4
 5
 6
 7
 8
 9


:: Metaheuristic :: TS---TSr[50000]  
:: N. Experiment.:: 10
-----------------------------------
:: Better fitness :: 1419.0
:: Average        :: 1439.8
:: St. Deviation  :: 17.163
:: Better Solution in the experiment :: 1
:: N. Better Solution :: 2
 15 7 3 17 13 14 2 16 12 11 5 18 0 10 1 19 8 6 4 9  ::: 1419.0

 15 7 3 17 13 14 2 16 12 11 5 18 0 10 1 19 8 6 4 9  ::: 1419.0
 15 7 3 12 5 0 17 16 2 1 13 19 14 8 6 4 18 11 10 9  ::: 1462.0
 15 7 17 3 2 13 12 11 18 0 5 10 8 16 1 19 14 9 6 4  ::: 1438.0
 15 7 3 12 0 19 2 17 13 11 10 18 8 1 16 14 5 9 6 4  ::: 1450.0
 15 7 3 17 16 14 13 12 4 5 0 2 18 10 8 1 19 11 6 9  ::: 1456.0
 15 7 17 3 16 4 12 5 0 10 2 19 1 8 14 18 13 11 6 9  ::: 1468.0
 15 7 12 16 17 0 3 2 11 13 18 9 5 10 1 19 14 8 6 4  ::: 1424.0
 15 7 3 12 13 2 17 5 0 11 18 10 8 16 1 19 14 9 6 4  ::: 1428.0
 15 7 3 12 16 17 0 11 5 2 10 1 19 8 18 13 14 9 6 4  ::: 1434.0
 15 7 3 17 13 14 2 16 12 11 5 18 0 10 1 19 8 6 4 9  ::: 1419.0
[PFSP] CELL 73/150 ta015 TS/TSr best=1419 mean=1439.8 gap=1.47% | elapsed 1:25:55 | ETA 1:30:37

---------------------- GA --- GAS

 Experiments to GA
 0
 1
 2
 3
 4
 5
 6
 7
 8
 9


:: Metaheuristic :: GA---GAS[50000]  
:: N. Experiment.:: 10
-----------------------------------
:: Better fitness :: 1434.0
:: Average        :: 1485.1
:: St. Deviation  :: 47.49
:: Better Solution in the experiment :: 1
:: N. Better Solution :: 1
 15 7 12 16 17 0 11 3 18 13 2 1 10 19 9 5 14 8 6 4  ::: 1434.0

 15 7 12 16 17 0 11 3 18 13 2 1 10 19 9 5 14 8 6 4  ::: 1434.0
 4 2 1 7 17 0 13 12 3 18 14 15 10 8 16 5 6 19 11 9  ::: 1575.0
 15 7 4 17 11 5 13 12 3 9 10 2 16 1 8 18 0 19 14 6  ::: 1495.0
 7 3 12 15 13 14 2 16 1 5 0 19 10 17 6 4 18 8 11 9  ::: 1466.0
 15 7 3 12 16 17 0 11 5 13 2 1 19 14 8 10 18 9 6 4  ::: 1435.0
 19 17 3 8 16 7 0 12 11 18 13 15 4 2 10 5 1 14 6 9  ::: 1548.0
 15 7 3 2 1 16 17 13 12 0 14 5 11 6 8 10 18 19 9 4  ::: 1459.0
 15 7 3 17 13 12 0 2 1 19 11 16 5 14 10 18 9 6 4 8  ::: 1436.0
 7 19 17 12 15 0 5 10 6 1 14 2 13 18 9 11 16 8 3 4  ::: 1476.0
 7 3 4 17 9 5 13 12 0 16 14 10 2 1 15 6 18 8 19 11  ::: 1527.0
[PFSP] CELL 74/150 ta015 GA/GAS best=1434 mean=1485.1 gap=4.66% | elapsed 1:30:14 | ETA 1:32:40

---------------------- SA --- SAS

 Experiments to SA
 0
 1
 2
 3
 4
 5
 6
 7
 8
 9


:: Metaheuristic :: SA---SAS[50000]  
:: N. Experiment.:: 10
-----------------------------------
:: Better fitness :: 1553.0
:: Average        :: 1584.6
:: St. Deviation  :: 16.07
:: Better Solution in the experiment :: 5
:: N. Better Solution :: 1
 7 2 17 15 0 12 1 19 14 13 18 4 16 8 11 5 3 6 9 10  ::: 1553.0

 3 17 0 7 6 15 4 5 16 2 13 12 8 11 18 1 10 19 14 9  ::: 1601.0
 7 3 15 11 14 2 18 1 5 17 13 8 16 12 19 0 6 4 9 10  ::: 1588.0
 7 15 0 3 17 12 14 16 8 4 2 13 1 9 19 10 5 6 18 11  ::: 1572.0
 15 7 11 16 14 19 2 17 8 3 10 18 0 1 5 12 4 13 6 9  ::: 1609.0
 7 2 17 15 0 12 1 19 14 13 18 4 16 8 11 5 3 6 9 10  ::: 1553.0
 3 12 7 5 0 11 6 1 17 18 10 9 19 2 16 13 4 8 14 15  ::: 1594.0
 15 19 17 7 14 18 0 12 1 3 10 8 13 6 16 9 5 2 11 4  ::: 1589.0
 3 17 19 1 5 10 15 13 7 9 2 18 8 14 12 16 11 0 6 4  ::: 1592.0
 7 17 19 1 15 10 14 2 16 13 0 5 9 12 18 8 11 3 6 4  ::: 1583.0
 7 3 12 15 14 17 16 10 2 5 1 9 19 13 11 0 18 8 6 4  ::: 1565.0
[PFSP] CELL 75/150 ta015 SA/SAS best=1553 mean=1584.6 gap=11.67% | elapsed 1:31:52 | ETA 1:31:52

-------- instance ------ ta016  (n=20, m=10)

---------------------- TS --- TSc

 Experiments to TS
 0


:: Metaheuristic :: TS---TSc[50000]  
:: N. Experiment.:: 1
-----------------------------------
:: Better fitness :: 1431.0
:: Average        :: 1431.0
:: St. Deviation  :: 0.0
:: Better Solution in the experiment :: 1
:: N. Better Solution :: 1
 19 7 18 2 6 17 10 13 5 15 4 12 3 16 14 9 11 8 1 0  ::: 1431.0

 19 7 18 2 6 17 10 13 5 15 4 12 3 16 14 9 11 8 1 0  ::: 1431.0
[PFSP] CELL 76/150 ta016 TS/TSc best=1431 mean=1431.0 gap=2.43% | elapsed 1:32:02 | ETA 1:29:36

---------------------- TS --- TSattr

 Experiments to TS
 0


:: Metaheuristic :: TS---TSattr[50000]  
:: N. Experiment.:: 1
-----------------------------------
:: Better fitness :: 1441.0
:: Average        :: 1441.0
:: St. Deviation  :: 0.0
:: Better Solution in the experiment :: 1
:: N. Better Solution :: 1
 19 7 18 17 15 10 13 2 5 4 12 3 6 14 11 16 9 8 1 0  ::: 1441.0

 19 7 18 17 15 10 13 2 5 4 12 3 6 14 11 16 9 8 1 0  ::: 1441.0
[PFSP] CELL 77/150 ta016 TS/TSattr best=1441 mean=1441.0 gap=3.15% | elapsed 1:32:11 | ETA 1:27:23

---------------------- TS --- TSr

 Experiments to TS
 0
 1
 2
 3
 4
 5
 6
 7
 8
 9


:: Metaheuristic :: TS---TSr[50000]  
:: N. Experiment.:: 10
-----------------------------------
:: Better fitness :: 1406.0
:: Average        :: 1430.8
:: St. Deviation  :: 13.482
:: Better Solution in the experiment :: 6
:: N. Better Solution :: 1
 18 7 19 2 5 12 3 17 10 13 6 11 8 16 15 14 9 4 1 0  ::: 1406.0

 19 17 3 2 8 5 10 7 18 11 4 13 12 15 16 6 9 14 1 0  ::: 1448.0
 18 7 10 2 19 5 12 3 17 4 13 6 11 9 8 16 15 14 1 0  ::: 1421.0
 18 17 3 10 2 5 15 8 7 16 9 19 4 12 13 6 1 11 14 0  ::: 1424.0
 19 7 17 13 5 2 14 12 18 10 6 11 3 8 9 16 15 4 1 0  ::: 1445.0
 18 5 7 10 13 12 19 17 8 6 11 3 2 15 1 14 16 9 4 0  ::: 1435.0
 18 7 19 2 5 12 3 17 10 13 6 11 8 16 15 14 9 4 1 0  ::: 1406.0
 18 15 10 13 5 8 2 6 17 19 12 3 7 16 0 14 9 4 1 11  ::: 1452.0
 7 18 17 3 10 13 12 5 15 14 9 8 6 11 16 19 4 2 1 0  ::: 1429.0
 18 5 7 16 15 2 13 19 17 10 8 12 3 9 4 6 1 11 14 0  ::: 1424.0
 17 18 7 12 16 19 3 2 9 5 15 4 6 10 13 8 1 11 14 0  ::: 1424.0
[PFSP] CELL 78/150 ta016 TS/TSr best=1406 mean=1430.8 gap=2.42% | elapsed 1:33:45 | ETA 1:26:32

---------------------- GA --- GAS

 Experiments to GA
 0
 1
 2
 3
 4
 5
 6
 7
 8
 9


:: Metaheuristic :: GA---GAS[50000]  
:: N. Experiment.:: 10
-----------------------------------
:: Better fitness :: 1412.0
:: Average        :: 1437.6
:: St. Deviation  :: 22.245
:: Better Solution in the experiment :: 9
:: N. Better Solution :: 1
 18 7 19 12 3 17 8 5 2 16 15 13 11 4 10 6 9 14 1 0  ::: 1412.0

 18 7 16 19 10 13 12 5 15 8 17 3 9 4 2 6 11 14 1 0  ::: 1419.0
 18 17 3 12 19 7 13 5 6 2 8 1 11 15 16 4 0 9 10 14  ::: 1443.0
 18 7 2 10 6 17 5 3 11 8 19 13 12 14 1 0 9 15 16 4  ::: 1485.0
 17 18 5 7 12 19 15 10 13 2 6 11 3 1 4 9 8 16 14 0  ::: 1424.0
 18 3 14 2 17 12 19 13 7 6 10 9 5 8 1 15 16 11 4 0  ::: 1469.0
 18 5 7 8 19 10 13 12 3 17 2 6 15 16 4 9 14 1 0 11  ::: 1434.0
 18 6 17 13 5 2 7 19 14 12 15 16 10 3 11 8 9 4 1 0  ::: 1429.0
 18 5 8 17 19 7 13 12 3 4 2 6 15 1 9 11 16 10 14 0  ::: 1443.0
 18 7 19 12 3 17 8 5 2 16 15 13 11 4 10 6 9 14 1 0  ::: 1412.0
 7 17 18 5 15 4 2 6 9 8 16 19 10 13 12 3 1 14 11 0  ::: 1418.0
[PFSP] CELL 79/150 ta016 GA/GAS best=1412 mean=1437.6 gap=2.91% | elapsed 1:38:04 | ETA 1:28:08

---------------------- SA --- SAS

 Experiments to SA
 0
 1
 2
 3
 4
 5
 6
 7
 8
 9


:: Metaheuristic :: SA---SAS[50000]  
:: N. Experiment.:: 10
-----------------------------------
:: Better fitness :: 1507.0
:: Average        :: 1542.6
:: St. Deviation  :: 17.483
:: Better Solution in the experiment :: 7
:: N. Better Solution :: 1
 19 5 7 18 17 4 3 6 11 8 2 10 13 12 15 14 9 16 1 0  ::: 1507.0

 10 6 5 12 3 19 4 15 17 8 18 14 11 13 2 9 16 7 0 1  ::: 1558.0
 6 5 2 13 17 19 8 12 3 7 16 4 0 9 10 15 18 1 11 14  ::: 1532.0
 6 13 18 17 5 3 4 9 10 12 15 7 2 19 16 8 1 0 14 11  ::: 1529.0
 6 3 17 2 12 7 16 15 18 8 19 5 13 4 9 11 1 0 10 14  ::: 1543.0
 18 5 6 14 17 12 7 15 19 8 1 16 9 3 11 13 10 2 0 4  ::: 1544.0
 18 5 11 3 12 13 7 16 4 9 2 19 6 0 17 8 10 14 15 1  ::: 1530.0
 19 5 7 18 17 4 3 6 11 8 2 10 13 12 15 14 9 16 1 0  ::: 1507.0
 18 7 2 15 19 10 16 8 13 12 17 11 3 4 6 9 0 5 1 14  ::: 1563.0
 15 6 9 18 5 12 17 13 10 19 2 8 7 16 14 0 3 4 1 11  ::: 1566.0
 6 7 19 10 3 5 9 13 2 12 8 15 18 16 1 4 17 14 11 0  ::: 1554.0
[PFSP] CELL 80/150 ta016 SA/SAS best=1507 mean=1542.6 gap=10.42% | elapsed 1:39:43 | ETA 1:27:15

-------- instance ------ ta017  (n=20, m=10)

---------------------- TS --- TSc

 Experiments to TS
 0


:: Metaheuristic :: TS---TSc[50000]  
:: N. Experiment.:: 1
-----------------------------------
:: Better fitness :: 1526.0
:: Average        :: 1526.0
:: St. Deviation  :: 0.0
:: Better Solution in the experiment :: 1
:: N. Better Solution :: 1
 18 5 6 8 9 16 0 3 19 17 7 1 4 15 13 14 12 2 10 11  ::: 1526.0

 18 5 6 8 9 16 0 3 19 17 7 1 4 15 13 14 12 2 10 11  ::: 1526.0
[PFSP] CELL 81/150 ta017 TS/TSc best=1526 mean=1526.0 gap=2.83% | elapsed 1:39:53 | ETA 1:25:05

---------------------- TS --- TSattr

 Experiments to TS
 0


:: Metaheuristic :: TS---TSattr[50000]  
:: N. Experiment.:: 1
-----------------------------------
:: Better fitness :: 1526.0
:: Average        :: 1526.0
:: St. Deviation  :: 0.0
:: Better Solution in the experiment :: 1
:: N. Better Solution :: 1
 18 5 6 8 9 16 0 3 19 17 7 1 4 15 13 14 12 2 10 11  ::: 1526.0

 18 5 6 8 9 16 0 3 19 17 7 1 4 15 13 14 12 2 10 11  ::: 1526.0
[PFSP] CELL 82/150 ta017 TS/TSattr best=1526 mean=1526.0 gap=2.83% | elapsed 1:40:02 | ETA 1:22:57

---------------------- TS --- TSr

 Experiments to TS
 0
 1
 2
 3
 4
 5
 6
 7
 8
 9


:: Metaheuristic :: TS---TSr[50000]  
:: N. Experiment.:: 10
-----------------------------------
:: Better fitness :: 1486.0
:: Average        :: 1517.2
:: St. Deviation  :: 25.694
:: Better Solution in the experiment :: 2
:: N. Better Solution :: 1
 18 3 5 6 11 16 12 17 19 0 1 9 4 15 8 10 2 13 7 14  ::: 1486.0

 3 6 18 5 16 17 0 1 9 15 19 7 2 13 12 8 4 14 10 11  ::: 1526.0
 18 3 5 6 11 16 12 17 19 0 1 9 4 15 8 10 2 13 7 14  ::: 1486.0
 18 5 16 6 0 8 3 1 9 19 4 17 11 15 13 2 12 10 14 7  ::: 1525.0
 18 3 5 6 16 9 17 4 8 11 15 19 0 1 10 2 12 13 7 14  ::: 1492.0
 18 3 5 6 19 11 16 12 17 0 8 1 9 10 2 13 15 4 7 14  ::: 1499.0
 18 5 16 6 0 11 15 19 12 17 3 1 9 10 4 2 8 13 7 14  ::: 1491.0
 6 3 18 5 19 16 9 17 0 8 7 1 12 14 10 4 15 2 13 11  ::: 1550.0
 3 18 6 0 5 12 7 15 17 8 1 19 14 9 10 16 4 2 13 11  ::: 1550.0
 18 5 3 6 16 9 19 12 17 0 11 8 1 10 2 4 15 13 7 14  ::: 1499.0
 6 3 16 9 18 10 2 5 0 8 1 12 19 15 17 7 4 13 14 11  ::: 1554.0
[PFSP] CELL 83/150 ta017 TS/TSr best=1486 mean=1517.2 gap=2.24% | elapsed 1:41:36 | ETA 1:22:01

---------------------- GA --- GAS

 Experiments to GA
 0
 1
 2
 3
 4
 5
 6
 7
 8
 9


:: Metaheuristic :: GA---GAS[50000]  
:: N. Experiment.:: 10
-----------------------------------
:: Better fitness :: 1500.0
:: Average        :: 1531.0
:: St. Deviation  :: 16.631
:: Better Solution in the experiment :: 5
:: N. Better Solution :: 1
 18 5 6 3 11 16 15 12 17 0 19 8 1 9 13 10 14 4 7 2  ::: 1500.0

 3 18 5 6 17 16 12 2 15 9 19 7 0 8 1 4 13 10 11 14  ::: 1531.0
 5 9 19 16 17 18 15 8 3 6 0 12 7 2 1 4 10 13 14 11  ::: 1555.0
 18 5 6 8 16 3 15 12 17 0 1 9 13 19 7 4 14 2 10 11  ::: 1526.0
 18 6 0 8 3 9 5 14 16 15 12 17 19 2 1 10 13 7 4 11  ::: 1536.0
 18 5 6 3 11 16 15 12 17 0 19 8 1 9 13 10 14 4 7 2  ::: 1500.0
 6 3 16 9 18 19 14 17 0 8 4 5 7 1 10 2 15 12 13 11  ::: 1550.0
 18 3 6 5 12 0 11 19 17 1 4 15 16 7 10 14 9 2 8 13  ::: 1546.0
 18 6 3 4 0 5 8 1 16 12 10 13 17 11 19 15 9 7 2 14  ::: 1527.0
 18 5 6 8 3 9 16 15 17 0 2 12 19 11 4 1 10 13 7 14  ::: 1507.0
 18 16 3 9 17 2 6 0 8 4 5 15 19 11 13 1 10 12 14 7  ::: 1532.0
[PFSP] CELL 84/150 ta017 GA/GAS best=1500 mean=1531.0 gap=3.17% | elapsed 1:46:00 | ETA 1:23:17

---------------------- SA --- SAS

 Experiments to SA
 0
 1
 2
 3
 4
 5
 6
 7
 8
 9


:: Metaheuristic :: SA---SAS[50000]  
:: N. Experiment.:: 10
-----------------------------------
:: Better fitness :: 1588.0
:: Average        :: 1611.3
:: St. Deviation  :: 12.418
:: Better Solution in the experiment :: 5
:: N. Better Solution :: 1
 18 5 8 16 6 3 17 0 11 4 7 12 1 10 13 2 15 19 9 14  ::: 1588.0

 5 18 6 8 0 15 3 16 13 17 11 1 19 4 10 12 9 14 2 7  ::: 1614.0
 3 18 5 15 7 17 16 6 0 4 11 12 19 8 2 9 13 1 10 14  ::: 1598.0
 18 6 5 0 16 12 8 11 13 7 15 1 9 3 17 4 19 2 10 14  ::: 1628.0
 18 3 5 8 9 19 6 16 2 14 0 11 15 13 12 17 7 4 1 10  ::: 1613.0
 18 5 8 16 6 3 17 0 11 4 7 12 1 10 13 2 15 19 9 14  ::: 1588.0
 18 5 12 4 6 14 3 9 8 15 16 17 0 2 19 10 7 1 13 11  ::: 1616.0
 3 5 7 6 18 16 0 17 11 12 19 1 10 2 14 9 15 4 8 13  ::: 1608.0
 3 5 18 0 12 6 2 15 8 17 19 7 13 1 10 16 9 4 14 11  ::: 1629.0
 3 5 14 6 12 16 4 18 15 0 8 13 19 2 1 10 9 17 11 7  ::: 1600.0
 18 6 5 3 9 7 17 12 0 11 16 15 10 14 8 19 4 1 2 13  ::: 1619.0
[PFSP] CELL 85/150 ta017 SA/SAS best=1588 mean=1611.3 gap=8.58% | elapsed 1:47:39 | ETA 1:22:19

-------- instance ------ ta018  (n=20, m=10)

---------------------- TS --- TSc

 Experiments to TS
 0


:: Metaheuristic :: TS---TSc[50000]  
:: N. Experiment.:: 1
-----------------------------------
:: Better fitness :: 1572.0
:: Average        :: 1572.0
:: St. Deviation  :: 0.0
:: Better Solution in the experiment :: 1
:: N. Better Solution :: 1
 7 6 17 1 3 15 16 13 4 8 18 2 12 5 10 0 14 19 9 11  ::: 1572.0

 7 6 17 1 3 15 16 13 4 8 18 2 12 5 10 0 14 19 9 11  ::: 1572.0
[PFSP] CELL 86/150 ta018 TS/TSc best=1572 mean=1572.0 gap=2.21% | elapsed 1:47:49 | ETA 1:20:14

---------------------- TS --- TSattr

 Experiments to TS
 0


:: Metaheuristic :: TS---TSattr[50000]  
:: N. Experiment.:: 1
-----------------------------------
:: Better fitness :: 1579.0
:: Average        :: 1579.0
:: St. Deviation  :: 0.0
:: Better Solution in the experiment :: 1
:: N. Better Solution :: 1
 7 6 17 13 3 15 16 1 4 8 18 2 12 5 10 0 14 19 9 11  ::: 1579.0

 7 6 17 13 3 15 16 1 4 8 18 2 12 5 10 0 14 19 9 11  ::: 1579.0
[PFSP] CELL 87/150 ta018 TS/TSattr best=1579 mean=1579.0 gap=2.67% | elapsed 1:47:58 | ETA 1:18:11

---------------------- TS --- TSr

 Experiments to TS
 0
 1
 2
 3
 4
 5
 6
 7
 8
 9


:: Metaheuristic :: TS---TSr[50000]  
:: N. Experiment.:: 10
-----------------------------------
:: Better fitness :: 1561.0
:: Average        :: 1588.9
:: St. Deviation  :: 24.325
:: Better Solution in the experiment :: 10
:: N. Better Solution :: 1
 6 9 17 1 3 15 7 14 0 18 16 2 12 19 8 5 10 13 4 11  ::: 1561.0

 6 16 3 17 13 8 5 18 12 14 1 19 0 9 15 7 2 11 4 10  ::: 1607.0
 6 18 19 7 17 1 8 5 0 2 14 3 15 9 16 10 12 13 4 11  ::: 1585.0
 6 18 16 7 14 1 9 19 8 3 2 17 15 13 0 4 12 5 10 11  ::: 1567.0
 6 18 7 15 19 9 17 13 0 2 3 14 4 8 5 10 12 16 1 11  ::: 1564.0
 6 13 7 15 18 14 0 2 9 5 8 19 3 12 17 4 10 16 1 11  ::: 1590.0
 6 18 17 3 14 16 19 7 0 9 2 5 10 8 15 13 12 4 1 11  ::: 1604.0
 7 6 16 0 14 19 9 15 17 13 4 3 12 8 5 10 2 18 11 1  ::: 1641.0
 6 13 1 0 3 15 14 7 5 8 16 2 4 12 19 18 17 10 9 11  ::: 1604.0
 18 6 3 17 13 4 15 7 14 16 0 2 9 19 8 5 10 12 1 11  ::: 1566.0
 6 9 17 1 3 15 7 14 0 18 16 2 12 19 8 5 10 13 4 11  ::: 1561.0
[PFSP] CELL 88/150 ta018 TS/TSr best=1561 mean=1588.9 gap=3.31% | elapsed 1:49:43 | ETA 1:17:18

---------------------- GA --- GAS

 Experiments to GA
 0
 1
 2
 3
 4
 5
 6
 7
 8
 9


:: Metaheuristic :: GA---GAS[50000]  
:: N. Experiment.:: 10
-----------------------------------
:: Better fitness :: 1563.0
:: Average        :: 1601.5
:: St. Deviation  :: 25.061
:: Better Solution in the experiment :: 9
:: N. Better Solution :: 1
 6 7 16 9 15 17 19 13 3 8 14 4 0 18 2 12 5 10 1 11  ::: 1563.0

 7 17 3 14 4 19 6 13 0 16 9 2 8 5 10 15 18 11 12 1  ::: 1637.0
 13 9 8 15 7 19 6 18 14 0 2 17 4 3 10 16 12 1 5 11  ::: 1621.0
 6 16 9 17 4 7 15 13 3 14 8 5 10 0 2 12 19 18 1 11  ::: 1578.0
 6 18 17 7 15 13 14 8 3 2 16 10 1 11 4 0 12 19 9 5  ::: 1610.0
 1 4 8 18 6 15 7 16 2 12 19 17 3 13 10 14 0 9 5 11  ::: 1614.0
 16 18 6 1 13 8 3 12 19 15 14 7 17 0 4 10 11 2 9 5  ::: 1638.0
 6 16 9 17 13 4 8 14 3 15 19 7 10 1 0 12 18 2 5 11  ::: 1578.0
 6 13 7 14 3 17 4 8 16 2 9 15 18 1 0 19 10 12 5 11  ::: 1580.0
 6 7 16 9 15 17 19 13 3 8 14 4 0 18 2 12 5 10 1 11  ::: 1563.0
 6 13 0 15 7 2 14 3 5 9 17 8 19 12 16 1 4 18 10 11  ::: 1596.0
[PFSP] CELL 89/150 ta018 GA/GAS best=1563 mean=1601.5 gap=4.13% | elapsed 1:55:16 | ETA 1:19:00

---------------------- SA --- SAS

 Experiments to SA
 0
 1
 2
 3
 4
 5
 6
 7
 8
 9


:: Metaheuristic :: SA---SAS[50000]  
:: N. Experiment.:: 10
-----------------------------------
:: Better fitness :: 1657.0
:: Average        :: 1690.1
:: St. Deviation  :: 15.725
:: Better Solution in the experiment :: 2
:: N. Better Solution :: 1
 6 16 9 17 3 8 13 0 2 15 5 14 7 12 4 19 18 10 11 1  ::: 1657.0

 17 3 19 6 7 14 18 10 13 8 16 15 4 0 2 5 12 11 1 9  ::: 1686.0
 6 16 9 17 3 8 13 0 2 15 5 14 7 12 4 19 18 10 11 1  ::: 1657.0
 7 14 18 6 3 17 8 5 19 11 9 16 0 2 13 15 4 10 12 1  ::: 1690.0
 16 17 13 18 6 4 15 10 9 8 11 2 19 12 5 7 0 14 3 1  ::: 1709.0
 16 7 6 17 2 18 5 13 19 3 1 12 4 10 8 9 15 0 14 11  ::: 1709.0
 16 17 4 14 13 18 8 2 7 15 10 0 6 12 3 5 11 1 19 9  ::: 1704.0
 18 6 1 14 4 8 19 7 12 17 16 3 15 5 0 13 2 10 9 11  ::: 1695.0
 7 15 18 14 3 17 10 13 8 16 2 6 19 9 0 5 1 12 4 11  ::: 1670.0
 17 1 18 2 6 8 19 5 9 3 14 0 15 10 16 12 13 4 7 11  ::: 1687.0
 17 6 7 9 19 5 3 14 13 8 0 4 18 10 15 12 16 2 1 11  ::: 1694.0
[PFSP] CELL 90/150 ta018 SA/SAS best=1657 mean=1690.1 gap=9.89% | elapsed 1:57:36 | ETA 1:18:24

-------- instance ------ ta019  (n=20, m=10)

---------------------- TS --- TSc

 Experiments to TS
 0


:: Metaheuristic :: TS---TSc[50000]  
:: N. Experiment.:: 1
-----------------------------------
:: Better fitness :: 1619.0
:: Average        :: 1619.0
:: St. Deviation  :: 0.0
:: Better Solution in the experiment :: 1
:: N. Better Solution :: 1
 11 7 19 13 16 10 6 3 18 15 17 1 12 0 2 14 9 4 5 8  ::: 1619.0

 11 7 19 13 16 10 6 3 18 15 17 1 12 0 2 14 9 4 5 8  ::: 1619.0
[PFSP] CELL 91/150 ta019 TS/TSc best=1619 mean=1619.0 gap=1.63% | elapsed 1:57:50 | ETA 1:16:23

---------------------- TS --- TSattr

 Experiments to TS
 0


:: Metaheuristic :: TS---TSattr[50000]  
:: N. Experiment.:: 1
-----------------------------------
:: Better fitness :: 1647.0
:: Average        :: 1647.0
:: St. Deviation  :: 0.0
:: Better Solution in the experiment :: 1
:: N. Better Solution :: 1
 13 11 7 16 3 10 1 19 0 18 15 2 12 17 6 14 9 4 5 8  ::: 1647.0

 13 11 7 16 3 10 1 19 0 18 15 2 12 17 6 14 9 4 5 8  ::: 1647.0
[PFSP] CELL 92/150 ta019 TS/TSattr best=1647 mean=1647.0 gap=3.39% | elapsed 1:58:03 | ETA 1:14:25

---------------------- TS --- TSr

 Experiments to TS
 0
 1
 2
 3
 4
 5
 6
 7
 8
 9


:: Metaheuristic :: TS---TSr[50000]  
:: N. Experiment.:: 10
-----------------------------------
:: Better fitness :: 1612.0
:: Average        :: 1633.0
:: St. Deviation  :: 14.642
:: Better Solution in the experiment :: 1
:: N. Better Solution :: 1
 11 7 10 19 13 16 3 1 14 12 17 15 18 2 9 6 4 0 5 8  ::: 1612.0

 11 7 10 19 13 16 3 1 14 12 17 15 18 2 9 6 4 0 5 8  ::: 1612.0
 16 13 10 3 1 12 0 7 2 18 15 6 5 17 19 14 4 11 9 8  ::: 1636.0
 16 10 19 13 3 1 4 18 14 12 2 0 9 17 6 5 7 15 11 8  ::: 1636.0
 16 7 0 15 13 11 1 3 6 18 9 2 12 10 17 19 14 4 5 8  ::: 1636.0
 16 10 19 7 0 6 13 5 3 1 18 14 12 2 4 17 11 15 9 8  ::: 1636.0
 16 3 13 1 4 18 11 12 14 2 19 6 5 9 15 17 7 0 10 8  ::: 1636.0
 10 19 0 7 13 16 17 15 6 18 3 14 1 9 2 4 11 12 5 8  ::: 1615.0
 16 19 13 3 10 1 18 6 7 5 17 9 2 12 0 14 15 4 11 8  ::: 1636.0
 16 10 19 3 9 13 1 15 17 8 6 18 11 12 14 7 0 2 4 5  ::: 1667.0
 13 16 7 10 11 19 1 4 14 17 3 12 18 15 2 5 6 0 9 8  ::: 1620.0
[PFSP] CELL 93/150 ta019 TS/TSr best=1612 mean=1633.0 gap=2.51% | elapsed 2:00:15 | ETA 1:13:42

---------------------- GA --- GAS

 Experiments to GA
 0
 1
 2
 3
 4
 5
 6
 7
 8
 9


:: Metaheuristic :: GA---GAS[50000]  
:: N. Experiment.:: 10
-----------------------------------
:: Better fitness :: 1620.0
:: Average        :: 1632.5
:: St. Deviation  :: 6.454
:: Better Solution in the experiment :: 9
:: N. Better Solution :: 1
 13 16 10 19 0 3 1 14 12 17 7 18 11 6 9 15 2 4 5 8  ::: 1620.0

 10 19 0 13 16 3 1 18 7 5 17 12 15 2 6 14 9 4 11 8  ::: 1628.0
 11 7 13 16 10 19 6 0 3 18 15 17 2 12 5 1 14 8 9 4  ::: 1628.0
 16 13 3 1 0 7 18 17 19 12 14 11 6 15 2 10 9 4 5 8  ::: 1636.0
 16 7 5 15 13 12 11 19 18 6 14 3 1 0 17 9 4 2 10 8  ::: 1636.0
 7 10 19 13 16 3 15 11 1 18 6 4 2 14 17 9 12 0 5 8  ::: 1625.0
 7 16 19 13 15 11 3 1 5 6 4 2 14 12 17 18 9 0 10 8  ::: 1641.0
 16 13 3 10 15 7 11 19 17 12 18 1 14 4 2 9 6 0 5 8  ::: 1636.0
 16 7 5 13 3 10 1 15 18 11 12 19 14 6 0 2 17 9 4 8  ::: 1636.0
 13 16 10 19 0 3 1 14 12 17 7 18 11 6 9 15 2 4 5 8  ::: 1620.0
 7 16 3 10 12 11 9 13 1 0 17 19 18 15 6 14 2 4 5 8  ::: 1639.0
[PFSP] CELL 94/150 ta019 GA/GAS best=1620 mean=1632.5 gap=2.48% | elapsed 2:05:50 | ETA 1:14:57

---------------------- SA --- SAS

 Experiments to SA
 0
 1
 2
 3
 4
 5
 6
 7
 8
 9


:: Metaheuristic :: SA---SAS[50000]  
:: N. Experiment.:: 10
-----------------------------------
:: Better fitness :: 1698.0
:: Average        :: 1716.7
:: St. Deviation  :: 8.295
:: Better Solution in the experiment :: 8
:: N. Better Solution :: 1
 11 19 1 16 13 3 9 17 2 12 4 6 14 15 18 7 10 5 0 8  ::: 1698.0

 16 19 7 13 5 11 2 1 12 4 17 10 6 18 3 9 14 0 15 8  ::: 1725.0
 3 1 4 17 13 15 19 18 16 0 7 14 11 6 9 12 10 2 8 5  ::: 1709.0
 3 1 13 10 19 18 4 17 0 5 7 6 2 12 16 8 14 9 15 11  ::: 1725.0
 11 7 13 19 15 10 17 6 3 16 1 12 18 4 5 2 14 9 0 8  ::: 1709.0
 11 19 15 10 16 7 18 2 6 1 14 13 9 12 5 17 3 8 0 4  ::: 1720.0
 1 16 19 7 13 4 3 18 14 11 12 17 9 6 5 15 10 2 0 8  ::: 1719.0
 1 3 0 4 13 12 17 18 16 10 15 2 6 14 7 5 19 9 8 11  ::: 1720.0
 11 19 1 16 13 3 9 17 2 12 4 6 14 15 18 7 10 5 0 8  ::: 1698.0
 3 19 16 1 4 10 17 9 15 2 13 7 5 0 12 14 18 6 11 8  ::: 1724.0
 19 10 8 16 4 17 3 1 9 13 14 2 6 12 5 18 7 0 15 11  ::: 1718.0
[PFSP] CELL 95/150 ta019 SA/SAS best=1698 mean=1716.7 gap=7.77% | elapsed 2:07:40 | ETA 1:13:55

-------- instance ------ ta020  (n=20, m=10)

---------------------- TS --- TSc

 Experiments to TS
 0


:: Metaheuristic :: TS---TSc[50000]  
:: N. Experiment.:: 1
-----------------------------------
:: Better fitness :: 1626.0
:: Average        :: 1626.0
:: St. Deviation  :: 0.0
:: Better Solution in the experiment :: 1
:: N. Better Solution :: 1
 4 12 8 16 3 18 7 15 5 6 1 2 9 17 0 14 19 10 11 13  ::: 1626.0

 4 12 8 16 3 18 7 15 5 6 1 2 9 17 0 14 19 10 11 13  ::: 1626.0
[PFSP] CELL 96/150 ta020 TS/TSc best=1626 mean=1626.0 gap=2.20% | elapsed 2:07:50 | ETA 1:11:54

---------------------- TS --- TSattr

 Experiments to TS
 0


:: Metaheuristic :: TS---TSattr[50000]  
:: N. Experiment.:: 1
-----------------------------------
:: Better fitness :: 1636.0
:: Average        :: 1636.0
:: St. Deviation  :: 0.0
:: Better Solution in the experiment :: 1
:: N. Better Solution :: 1
 4 12 16 18 8 3 6 7 15 5 1 2 9 17 0 14 19 10 11 13  ::: 1636.0

 4 12 16 18 8 3 6 7 15 5 1 2 9 17 0 14 19 10 11 13  ::: 1636.0
[PFSP] CELL 97/150 ta020 TS/TSattr best=1636 mean=1636.0 gap=2.83% | elapsed 2:07:59 | ETA 1:09:56

---------------------- TS --- TSr

 Experiments to TS
 0
 1
 2
 3
 4
 5
 6
 7
 8
 9


:: Metaheuristic :: TS---TSr[50000]  
:: N. Experiment.:: 10
-----------------------------------
:: Better fitness :: 1610.0
:: Average        :: 1630.5
:: St. Deviation  :: 16.083
:: Better Solution in the experiment :: 2
:: N. Better Solution :: 1
 4 12 6 9 16 7 5 15 13 1 18 14 11 17 3 19 8 2 0 10  ::: 1610.0

 4 11 12 18 7 15 5 9 16 8 13 1 14 17 2 3 6 19 0 10  ::: 1619.0
 4 12 6 9 16 7 5 15 13 1 18 14 11 17 3 19 8 2 0 10  ::: 1610.0
 4 11 12 18 7 9 15 19 5 16 8 3 0 17 13 1 6 14 10 2  ::: 1637.0
 4 11 18 16 2 3 8 9 1 7 5 15 12 17 6 14 19 13 10 0  ::: 1650.0
 4 15 3 18 7 5 16 12 8 6 9 17 0 19 13 1 14 11 10 2  ::: 1615.0
 4 15 6 9 16 14 5 19 12 7 3 17 8 13 11 1 18 0 10 2  ::: 1632.0
 4 11 18 5 15 3 8 9 16 2 12 7 13 1 17 6 14 19 0 10  ::: 1622.0
 4 11 12 18 7 15 5 9 16 8 13 1 14 17 2 3 6 19 0 10  ::: 1619.0
 4 5 16 14 11 17 15 13 12 8 9 2 1 7 19 18 3 6 10 0  ::: 1664.0
 4 11 18 9 16 5 12 7 13 1 19 15 8 3 6 14 17 2 0 10  ::: 1637.0
[PFSP] CELL 98/150 ta020 TS/TSr best=1610 mean=1630.5 gap=2.48% | elapsed 2:09:34 | ETA 1:08:45

---------------------- GA --- GAS

 Experiments to GA
 0
 1
 2
 3
 4
 5
 6
 7
 8
 9


:: Metaheuristic :: GA---GAS[50000]  
:: N. Experiment.:: 10
-----------------------------------
:: Better fitness :: 1609.0
:: Average        :: 1632.4
:: St. Deviation  :: 15.259
:: Better Solution in the experiment :: 3
:: N. Better Solution :: 1
 4 3 18 12 7 5 16 6 9 17 0 15 13 1 14 19 2 8 11 10  ::: 1609.0

 4 6 16 14 3 15 5 9 17 13 12 7 18 0 19 1 8 11 10 2  ::: 1654.0
 4 11 18 3 5 15 6 17 9 19 2 12 16 7 13 1 8 0 14 10  ::: 1649.0
 4 3 18 12 7 5 16 6 9 17 0 15 13 1 14 19 2 8 11 10  ::: 1609.0
 4 6 15 12 14 9 19 16 18 3 7 0 5 17 2 11 1 8 13 10  ::: 1638.0
 4 11 12 8 16 7 5 15 9 1 13 18 19 3 17 2 6 14 0 10  ::: 1639.0
 4 3 14 5 16 6 9 18 19 15 12 7 11 1 13 17 0 8 2 10  ::: 1612.0
 11 12 4 3 18 6 16 14 7 15 5 19 1 2 9 17 13 8 0 10  ::: 1650.0
 4 12 15 18 6 9 16 7 5 17 3 19 0 2 1 8 13 14 11 10  ::: 1627.0
 4 12 6 9 1 2 19 16 7 5 15 14 3 17 13 18 8 0 10 11  ::: 1619.0
 4 12 6 1 14 11 17 13 15 19 3 18 9 16 7 5 8 0 10 2  ::: 1627.0
[PFSP] CELL 99/150 ta020 GA/GAS best=1609 mean=1632.4 gap=2.60% | elapsed 2:13:34 | ETA 1:08:48

---------------------- SA --- SAS

 Experiments to SA
 0
 1
 2
 3
 4
 5
 6
 7
 8
 9


:: Metaheuristic :: SA---SAS[50000]  
:: N. Experiment.:: 10
-----------------------------------
:: Better fitness :: 1717.0
:: Average        :: 1738.9
:: St. Deviation  :: 14.673
:: Better Solution in the experiment :: 5
:: N. Better Solution :: 1
 4 3 6 18 7 15 5 16 1 19 13 17 9 8 11 12 2 0 14 10  ::: 1717.0

 11 18 12 6 0 15 17 2 3 9 16 14 4 5 7 1 19 10 8 13  ::: 1738.0
 6 16 4 15 12 7 13 1 8 3 17 9 2 18 10 14 11 19 5 0  ::: 1746.0
 1 8 4 16 13 15 6 9 19 3 17 0 18 2 12 11 14 7 5 10  ::: 1744.0
 4 2 12 11 3 18 6 17 9 0 16 7 14 5 15 19 8 13 1 10  ::: 1753.0
 4 3 6 18 7 15 5 16 1 19 13 17 9 8 11 12 2 0 14 10  ::: 1717.0
 4 12 6 5 19 1 18 3 7 2 0 16 9 17 15 13 14 11 8 10  ::: 1719.0
 4 6 16 5 14 17 3 19 15 12 7 18 13 2 0 9 10 11 1 8  ::: 1754.0
 4 3 13 14 1 16 5 12 8 15 2 6 17 18 11 9 19 7 0 10  ::: 1762.0
 4 3 6 18 5 16 7 9 19 1 0 13 12 17 10 8 2 15 14 11  ::: 1727.0
 4 3 12 18 6 19 9 0 1 16 2 10 7 15 5 17 8 11 14 13  ::: 1729.0
[PFSP] CELL 100/150 ta020 SA/SAS best=1717 mean=1738.9 gap=9.30% | elapsed 2:15:10 | ETA 1:07:35

-------- instance ------ ta021  (n=20, m=20)

---------------------- TS --- TSc

 Experiments to TS
 0


:: Metaheuristic :: TS---TSc[50000]  
:: N. Experiment.:: 1
-----------------------------------
:: Better fitness :: 2324.0
:: Average        :: 2324.0
:: St. Deviation  :: 0.0
:: Better Solution in the experiment :: 1
:: N. Better Solution :: 1
 15 7 8 11 12 17 14 9 1 10 4 0 19 13 5 6 16 18 2 3  ::: 2324.0

 15 7 8 11 12 17 14 9 1 10 4 0 19 13 5 6 16 18 2 3  ::: 2324.0
[PFSP] CELL 101/150 ta021 TS/TSc best=2324 mean=2324.0 gap=1.18% | elapsed 2:15:27 | ETA 1:05:42

---------------------- TS --- TSattr

 Experiments to TS
 0


:: Metaheuristic :: TS---TSattr[50000]  
:: N. Experiment.:: 1
-----------------------------------
:: Better fitness :: 2324.0
:: Average        :: 2324.0
:: St. Deviation  :: 0.0
:: Better Solution in the experiment :: 1
:: N. Better Solution :: 1
 15 7 8 11 12 17 14 9 1 10 4 0 19 13 5 6 16 18 2 3  ::: 2324.0

 15 7 8 11 12 17 14 9 1 10 4 0 19 13 5 6 16 18 2 3  ::: 2324.0
[PFSP] CELL 102/150 ta021 TS/TSattr best=2324 mean=2324.0 gap=1.18% | elapsed 2:15:44 | ETA 1:03:52

---------------------- TS --- TSr

 Experiments to TS
 0
 1
 2
 3
 4
 5
 6
 7
 8
 9


:: Metaheuristic :: TS---TSr[50000]  
:: N. Experiment.:: 10
-----------------------------------
:: Better fitness :: 2311.0
:: Average        :: 2351.1
:: St. Deviation  :: 23.654
:: Better Solution in the experiment :: 6
:: N. Better Solution :: 1
 15 7 6 17 14 11 12 8 5 13 16 9 10 19 4 0 1 3 2 18  ::: 2311.0

 15 7 17 14 6 4 12 19 13 16 9 10 5 11 8 0 1 3 2 18  ::: 2313.0
 3 15 17 2 9 8 1 16 5 10 12 13 11 6 4 14 0 19 18 7  ::: 2364.0
 7 9 15 17 14 3 8 1 10 5 11 12 19 13 4 2 0 16 6 18  ::: 2340.0
 15 17 13 3 6 2 16 0 9 10 12 14 8 1 4 5 19 11 18 7  ::: 2355.0
 17 14 15 2 6 0 11 3 16 12 8 13 1 10 5 4 9 19 18 7  ::: 2368.0
 15 7 6 17 14 11 12 8 5 13 16 9 10 19 4 0 1 3 2 18  ::: 2311.0
 3 15 17 14 2 16 8 1 4 0 19 10 12 5 6 13 11 9 18 7  ::: 2360.0
 3 15 6 8 2 16 9 18 10 12 14 5 0 19 1 13 11 17 4 7  ::: 2374.0
 3 15 6 0 19 17 12 14 16 8 1 4 9 18 2 10 13 11 5 7  ::: 2386.0
 15 7 2 6 12 14 3 5 9 11 8 19 4 13 10 1 0 16 17 18  ::: 2340.0
[PFSP] CELL 103/150 ta021 TS/TSr best=2311 mean=2351.1 gap=2.36% | elapsed 2:18:34 | ETA 1:03:13

---------------------- GA --- GAS

 Experiments to GA
 0
 1
 2
 3
 4
 5
 6
 7
 8
 9


:: Metaheuristic :: GA---GAS[50000]  
:: N. Experiment.:: 10
-----------------------------------
:: Better fitness :: 2315.0
:: Average        :: 2356.7
:: St. Deviation  :: 30.463
:: Better Solution in the experiment :: 5
:: N. Better Solution :: 1
 15 7 6 14 17 9 12 8 13 10 4 5 11 19 16 0 1 3 2 18  ::: 2315.0

 15 7 8 12 19 10 5 17 9 13 4 1 11 3 14 0 2 16 6 18  ::: 2343.0
 2 15 13 6 12 7 9 17 4 14 19 1 3 11 8 10 16 0 5 18  ::: 2373.0
 15 7 17 14 12 5 6 19 13 10 4 9 11 8 18 2 1 3 16 0  ::: 2335.0
 7 12 8 15 13 10 17 11 9 4 14 0 19 5 6 16 1 3 2 18  ::: 2338.0
 15 7 6 14 17 9 12 8 13 10 4 5 11 19 16 0 1 3 2 18  ::: 2315.0
 17 2 15 9 10 8 11 13 1 4 3 5 6 14 12 19 18 16 0 7  ::: 2432.0
 17 2 9 15 3 6 4 1 12 8 19 13 16 0 14 10 5 11 18 7  ::: 2376.0
 7 17 12 14 0 15 13 16 9 10 4 5 6 19 11 8 1 3 18 2  ::: 2344.0
 15 6 17 13 9 12 5 7 4 19 11 8 14 10 2 1 3 16 0 18  ::: 2350.0
 7 15 6 4 14 17 13 10 12 5 9 8 1 2 11 19 3 16 0 18  ::: 2361.0
[PFSP] CELL 104/150 ta021 GA/GAS best=2315 mean=2356.7 gap=2.60% | elapsed 2:23:53 | ETA 1:03:38

---------------------- SA --- SAS

 Experiments to SA
 0
 1
 2
 3
 4
 5
 6
 7
 8
 9


:: Metaheuristic :: SA---SAS[50000]  
:: N. Experiment.:: 10
-----------------------------------
:: Better fitness :: 2457.0
:: Average        :: 2471.2
:: St. Deviation  :: 10.562
:: Better Solution in the experiment :: 3
:: N. Better Solution :: 1
 17 11 3 6 15 14 16 0 12 10 4 19 8 1 13 5 2 9 18 7  ::: 2457.0

 7 0 9 18 8 13 17 15 11 14 12 19 3 2 16 10 1 5 4 6  ::: 2471.0
 13 15 3 7 19 2 0 14 8 1 10 16 9 12 5 6 4 11 17 18  ::: 2459.0
 17 11 3 6 15 14 16 0 12 10 4 19 8 1 13 5 2 9 18 7  ::: 2457.0
 6 0 15 10 8 18 9 1 4 13 17 11 2 12 14 16 19 3 5 7  ::: 2482.0
 15 17 7 6 9 14 12 19 18 2 8 13 5 11 16 0 4 10 1 3  ::: 2467.0
 7 6 13 8 2 11 15 12 10 19 3 4 9 14 1 16 18 0 17 5  ::: 2477.0
 17 13 7 10 19 12 15 9 14 8 1 0 4 11 5 18 3 2 6 16  ::: 2468.0
 15 13 9 7 17 11 3 8 5 12 1 14 16 0 19 10 4 18 2 6  ::: 2486.0
 7 14 3 6 18 2 9 15 16 11 10 4 5 19 17 8 1 13 12 0  ::: 2486.0
 7 13 3 17 14 18 15 8 12 0 2 4 9 5 19 11 10 1 16 6  ::: 2459.0
[PFSP] CELL 105/150 ta021 SA/SAS best=2457 mean=2471.2 gap=7.58% | elapsed 2:26:48 | ETA 1:02:54

-------- instance ------ ta022  (n=20, m=20)

---------------------- TS --- TSc

 Experiments to TS
 0


:: Metaheuristic :: TS---TSc[50000]  
:: N. Experiment.:: 1
-----------------------------------
:: Better fitness :: 2119.0
:: Average        :: 2119.0
:: St. Deviation  :: 0.0
:: Better Solution in the experiment :: 1
:: N. Better Solution :: 1
 17 2 10 9 3 11 4 18 12 0 15 14 5 13 7 19 8 6 16 1  ::: 2119.0

 17 2 10 9 3 11 4 18 12 0 15 14 5 13 7 19 8 6 16 1  ::: 2119.0
[PFSP] CELL 106/150 ta022 TS/TSc best=2119 mean=2119.0 gap=0.95% | elapsed 2:27:04 | ETA 1:01:03

---------------------- TS --- TSattr

 Experiments to TS
 0


:: Metaheuristic :: TS---TSattr[50000]  
:: N. Experiment.:: 1
-----------------------------------
:: Better fitness :: 2119.0
:: Average        :: 2119.0
:: St. Deviation  :: 0.0
:: Better Solution in the experiment :: 1
:: N. Better Solution :: 1
 17 2 10 9 3 11 4 18 12 0 15 14 5 13 7 19 8 6 16 1  ::: 2119.0

 17 2 10 9 3 11 4 18 12 0 15 14 5 13 7 19 8 6 16 1  ::: 2119.0
[PFSP] CELL 107/150 ta022 TS/TSattr best=2119 mean=2119.0 gap=0.95% | elapsed 2:27:21 | ETA 0:59:13

---------------------- TS --- TSr

 Experiments to TS
 0
 1
 2
 3
 4
 5
 6
 7
 8
 9


:: Metaheuristic :: TS---TSr[50000]  
:: N. Experiment.:: 10
-----------------------------------
:: Better fitness :: 2116.0
:: Average        :: 2144.0
:: St. Deviation  :: 19.565
:: Better Solution in the experiment :: 1
:: N. Better Solution :: 1
 17 10 5 11 3 0 15 18 14 7 12 13 2 9 19 4 8 6 16 1  ::: 2116.0

 17 10 5 11 3 0 15 18 14 7 12 13 2 9 19 4 8 6 16 1  ::: 2116.0
 19 2 9 3 17 13 10 0 18 11 6 12 15 14 4 8 5 7 16 1  ::: 2156.0
 2 10 12 3 5 15 17 7 13 9 14 18 11 19 0 6 8 4 16 1  ::: 2147.0
 17 2 10 3 0 11 15 18 12 14 6 13 7 9 19 4 5 8 16 1  ::: 2124.0
 2 10 3 12 19 15 14 4 17 13 7 9 18 0 5 11 6 8 16 1  ::: 2141.0
 17 10 3 19 14 7 5 13 9 16 0 15 18 2 11 12 6 4 1 8  ::: 2145.0
 17 10 0 2 9 11 18 3 14 19 4 7 5 15 13 12 6 8 16 1  ::: 2132.0
 17 2 10 11 12 7 19 13 14 5 15 18 9 3 4 8 0 6 16 1  ::: 2152.0
 2 19 14 15 17 12 13 18 10 16 9 11 3 5 7 0 6 8 4 1  ::: 2191.0
 17 10 9 3 5 12 0 15 14 11 13 18 16 7 2 8 19 6 4 1  ::: 2136.0
[PFSP] CELL 108/150 ta022 TS/TSr best=2116 mean=2144.0 gap=2.14% | elapsed 2:30:10 | ETA 0:58:23

---------------------- GA --- GAS

 Experiments to GA
 0
 1
 2
 3
 4
 5
 6
 7
 8
 9


:: Metaheuristic :: GA---GAS[50000]  
:: N. Experiment.:: 10
-----------------------------------
:: Better fitness :: 2119.0
:: Average        :: 2150.2
:: St. Deviation  :: 21.683
:: Better Solution in the experiment :: 8
:: N. Better Solution :: 1
 17 10 3 7 12 2 9 19 11 18 4 13 14 5 15 0 6 16 8 1  ::: 2119.0

 2 10 3 18 6 7 12 19 13 9 14 4 0 15 5 11 17 16 8 1  ::: 2182.0
 17 10 9 11 19 15 14 0 18 4 12 7 3 5 13 2 8 6 16 1  ::: 2133.0
 2 10 9 19 15 17 12 13 14 3 0 18 11 4 5 7 6 16 1 8  ::: 2145.0
 2 10 9 12 3 14 5 16 8 17 11 4 18 13 7 19 15 0 6 1  ::: 2186.0
 2 10 3 19 17 13 9 14 4 0 15 18 12 7 5 8 11 6 16 1  ::: 2134.0
 2 10 9 19 17 11 4 3 0 8 15 18 12 7 13 14 6 5 16 1  ::: 2138.0
 17 10 3 19 13 2 9 14 16 4 0 15 18 12 7 5 11 6 8 1  ::: 2141.0
 17 10 3 7 12 2 9 19 11 18 4 13 14 5 15 0 6 16 8 1  ::: 2119.0
 10 9 11 5 19 15 14 17 13 3 7 18 12 2 8 16 0 6 4 1  ::: 2175.0
 10 3 19 17 5 15 7 13 2 9 11 18 12 14 0 16 6 8 4 1  ::: 2149.0
[PFSP] CELL 109/150 ta022 GA/GAS best=2119 mean=2150.2 gap=2.44% | elapsed 2:36:35 | ETA 0:58:54

---------------------- SA --- SAS

 Experiments to SA
 0
 1
 2
 3
 4
 5
 6
 7
 8
 9


:: Metaheuristic :: SA---SAS[50000]  
:: N. Experiment.:: 10
-----------------------------------
:: Better fitness :: 2262.0
:: Average        :: 2285.6
:: St. Deviation  :: 13.5
:: Better Solution in the experiment :: 2
:: N. Better Solution :: 1
 17 5 2 3 16 10 15 13 6 9 18 12 8 11 14 19 7 0 1 4  ::: 2262.0

 17 10 2 6 14 13 18 9 11 5 12 0 8 16 19 15 3 1 4 7  ::: 2270.0
 17 5 2 3 16 10 15 13 6 9 18 12 8 11 14 19 7 0 1 4  ::: 2262.0
 2 0 10 17 8 18 9 12 3 15 4 7 14 11 5 13 19 6 1 16  ::: 2292.0
 17 2 3 14 18 6 9 15 5 10 12 4 11 0 8 13 1 19 7 16  ::: 2283.0
 19 2 3 18 9 17 12 10 11 14 1 4 7 15 13 0 6 5 8 16  ::: 2297.0
 2 19 10 17 3 7 9 11 18 15 12 6 0 16 13 8 4 14 5 1  ::: 2275.0
 2 19 3 5 18 12 6 13 10 9 16 14 0 17 8 15 11 4 1 7  ::: 2308.0
 2 3 5 9 19 12 0 11 15 10 6 13 7 1 4 8 18 14 16 17  ::: 2290.0
 19 10 12 11 17 13 3 15 4 0 2 14 18 9 5 8 7 16 6 1  ::: 2299.0
 2 9 10 17 12 3 14 5 15 13 19 0 16 11 18 1 8 6 4 7  ::: 2280.0
[PFSP] CELL 110/150 ta022 SA/SAS best=2262 mean=2285.6 gap=8.89% | elapsed 2:39:41 | ETA 0:58:04

-------- instance ------ ta023  (n=20, m=20)

---------------------- TS --- TSc

 Experiments to TS
 0


:: Metaheuristic :: TS---TSc[50000]  
:: N. Experiment.:: 1
-----------------------------------
:: Better fitness :: 2340.0
:: Average        :: 2340.0
:: St. Deviation  :: 0.0
:: Better Solution in the experiment :: 1
:: N. Better Solution :: 1
 4 18 3 13 19 15 7 0 12 10 8 17 2 11 14 5 16 9 1 6  ::: 2340.0

 4 18 3 13 19 15 7 0 12 10 8 17 2 11 14 5 16 9 1 6  ::: 2340.0
[PFSP] CELL 111/150 ta023 TS/TSc best=2340 mean=2340.0 gap=0.60% | elapsed 2:39:59 | ETA 0:56:12

---------------------- TS --- TSattr

 Experiments to TS
 0


:: Metaheuristic :: TS---TSattr[50000]  
:: N. Experiment.:: 1
-----------------------------------
:: Better fitness :: 2351.0
:: Average        :: 2351.0
:: St. Deviation  :: 0.0
:: Better Solution in the experiment :: 1
:: N. Better Solution :: 1
 7 4 18 3 10 13 19 12 0 15 5 8 17 2 11 14 16 9 1 6  ::: 2351.0

 7 4 18 3 10 13 19 12 0 15 5 8 17 2 11 14 16 9 1 6  ::: 2351.0
[PFSP] CELL 112/150 ta023 TS/TSattr best=2351 mean=2351.0 gap=1.07% | elapsed 2:40:17 | ETA 0:54:23

---------------------- TS --- TSr

 Experiments to TS
 0
 1
 2
 3
 4
 5
 6
 7
 8
 9


:: Metaheuristic :: TS---TSr[50000]  
:: N. Experiment.:: 10
-----------------------------------
:: Better fitness :: 2336.0
:: Average        :: 2366.9
:: St. Deviation  :: 17.055
:: Better Solution in the experiment :: 4
:: N. Better Solution :: 1
 18 4 7 3 16 15 1 14 0 12 9 2 13 19 5 8 17 10 11 6  ::: 2336.0

 15 0 1 3 17 4 2 16 13 18 19 12 5 8 10 9 7 11 14 6  ::: 2392.0
 19 13 15 14 1 17 2 3 18 10 16 0 11 12 4 8 9 7 5 6  ::: 2396.0
 18 1 14 0 12 3 4 7 5 8 10 9 15 2 11 16 13 19 17 6  ::: 2363.0
 18 4 7 3 16 15 1 14 0 12 9 2 13 19 5 8 17 10 11 6  ::: 2336.0
 18 3 4 8 15 5 7 9 13 1 12 10 16 14 17 0 2 11 19 6  ::: 2357.0
 4 15 18 3 9 1 12 13 2 8 5 7 0 19 16 14 17 10 11 6  ::: 2378.0
 18 4 17 2 13 11 8 15 3 10 1 14 0 19 16 12 9 7 5 6  ::: 2368.0
 18 4 7 3 0 11 13 19 17 2 14 12 10 16 15 5 8 9 1 6  ::: 2355.0
 1 18 0 12 4 17 9 2 11 3 10 14 7 16 15 5 13 8 19 6  ::: 2367.0
 18 0 3 4 8 14 10 1 12 9 13 2 11 16 15 5 19 17 7 6  ::: 2357.0
[PFSP] CELL 113/150 ta023 TS/TSr best=2336 mean=2366.9 gap=1.76% | elapsed 2:43:17 | ETA 0:53:27

---------------------- GA --- GAS

 Experiments to GA
 0
 1
 2
 3
 4
 5
 6
 7
 8
 9


:: Metaheuristic :: GA---GAS[50000]  
:: N. Experiment.:: 10
-----------------------------------
:: Better fitness :: 2342.0
:: Average        :: 2371.2
:: St. Deviation  :: 13.378
:: Better Solution in the experiment :: 10
:: N. Better Solution :: 1
 18 4 0 3 8 16 15 10 1 14 12 9 13 7 5 19 17 2 11 6  ::: 2342.0

 17 18 3 4 0 19 16 15 14 2 13 12 5 8 9 7 10 11 1 6  ::: 2363.0
 17 4 10 1 12 13 3 0 11 2 8 15 14 7 16 18 5 19 9 6  ::: 2390.0
 4 18 3 16 15 0 11 2 8 14 10 5 12 9 7 13 19 17 1 6  ::: 2360.0
 18 12 4 7 8 17 2 11 16 0 3 1 14 9 13 15 5 10 19 6  ::: 2375.0
 18 4 5 16 9 3 1 12 13 15 14 10 7 2 11 8 17 0 19 6  ::: 2369.0
 4 18 3 13 14 19 12 10 8 16 15 17 2 1 7 5 9 0 11 6  ::: 2381.0
 3 4 17 13 18 12 14 16 15 10 0 2 11 19 8 5 7 9 1 6  ::: 2368.0
 18 0 12 4 8 15 10 3 9 1 14 17 2 11 16 7 5 13 19 6  ::: 2378.0
 17 18 0 12 3 9 4 14 7 2 11 10 13 19 8 16 15 5 1 6  ::: 2386.0
 18 4 0 3 8 16 15 10 1 14 12 9 13 7 5 19 17 2 11 6  ::: 2342.0
[PFSP] CELL 114/150 ta023 GA/GAS best=2342 mean=2371.2 gap=1.94% | elapsed 2:48:52 | ETA 0:53:19

---------------------- SA --- SAS

 Experiments to SA
 0
 1
 2
 3
 4
 5
 6
 7
 8
 9


:: Metaheuristic :: SA---SAS[50000]  
:: N. Experiment.:: 10
-----------------------------------
:: Better fitness :: 2474.0
:: Average        :: 2490.7
:: St. Deviation  :: 12.042
:: Better Solution in the experiment :: 2
:: N. Better Solution :: 1
 5 0 8 19 12 13 18 3 4 7 14 10 2 1 15 11 17 16 9 6  ::: 2474.0

 17 9 0 19 4 13 3 12 11 10 15 5 2 16 7 8 18 14 1 6  ::: 2478.0
 5 0 8 19 12 13 18 3 4 7 14 10 2 1 15 11 17 16 9 6  ::: 2474.0
 18 3 12 4 17 11 14 1 16 0 9 15 5 2 13 8 10 19 7 6  ::: 2498.0
 19 12 9 0 15 2 16 3 4 8 10 13 1 14 11 17 18 7 5 6  ::: 2502.0
 0 1 15 4 17 14 2 5 16 13 3 19 12 11 6 10 7 8 9 18  ::: 2504.0
 17 4 15 11 0 2 1 14 3 10 8 7 13 16 19 5 18 12 9 6  ::: 2484.0
 7 4 3 8 15 18 14 12 10 6 0 19 5 13 17 11 16 9 2 1  ::: 2484.0
 14 4 11 17 18 0 7 10 12 5 13 3 16 1 15 2 8 9 19 6  ::: 2497.0
 4 17 0 9 3 11 14 2 8 12 5 7 13 16 15 10 1 6 19 18  ::: 2477.0
 4 11 19 2 8 1 5 3 13 17 0 12 15 16 9 10 14 18 6 7  ::: 2509.0
[PFSP] CELL 115/150 ta023 SA/SAS best=2474 mean=2490.7 gap=7.08% | elapsed 2:51:55 | ETA 0:52:19

-------- instance ------ ta024  (n=20, m=20)

---------------------- TS --- TSc

 Experiments to TS
 0


:: Metaheuristic :: TS---TSc[50000]  
:: N. Experiment.:: 1
-----------------------------------
:: Better fitness :: 2245.0
:: Average        :: 2245.0
:: St. Deviation  :: 0.0
:: Better Solution in the experiment :: 1
:: N. Better Solution :: 1
 13 17 4 1 7 5 19 14 12 0 11 6 18 15 3 2 16 8 10 9  ::: 2245.0

 13 17 4 1 7 5 19 14 12 0 11 6 18 15 3 2 16 8 10 9  ::: 2245.0
[PFSP] CELL 116/150 ta024 TS/TSc best=2245 mean=2245.0 gap=0.99% | elapsed 2:52:13 | ETA 0:50:28

---------------------- TS --- TSattr

 Experiments to TS
 0


:: Metaheuristic :: TS---TSattr[50000]  
:: N. Experiment.:: 1
-----------------------------------
:: Better fitness :: 2249.0
:: Average        :: 2249.0
:: St. Deviation  :: 0.0
:: Better Solution in the experiment :: 1
:: N. Better Solution :: 1
 13 2 17 4 12 1 7 11 3 5 19 14 0 6 18 15 9 16 8 10  ::: 2249.0

 13 2 17 4 12 1 7 11 3 5 19 14 0 6 18 15 9 16 8 10  ::: 2249.0
[PFSP] CELL 117/150 ta024 TS/TSattr best=2249 mean=2249.0 gap=1.17% | elapsed 2:52:31 | ETA 0:48:39

---------------------- TS --- TSr

 Experiments to TS
 0
 1
 2
 3
 4
 5
 6
 7
 8
 9


:: Metaheuristic :: TS---TSr[50000]  
:: N. Experiment.:: 10
-----------------------------------
:: Better fitness :: 2241.0
:: Average        :: 2260.4
:: St. Deviation  :: 16.421
:: Better Solution in the experiment :: 9
:: N. Better Solution :: 1
 13 2 17 3 19 7 14 12 4 5 11 18 0 1 15 6 10 16 9 8  ::: 2241.0

 13 7 3 18 8 15 12 1 5 10 19 17 0 14 11 6 4 16 2 9  ::: 2253.0
 2 13 7 12 5 10 11 9 17 19 14 0 6 18 8 1 15 16 3 4  ::: 2285.0
 2 13 7 17 15 3 4 1 12 0 19 14 11 5 6 10 18 9 16 8  ::: 2243.0
 13 7 4 1 5 12 15 14 17 0 3 6 19 11 2 16 18 9 8 10  ::: 2252.0
 13 17 12 18 15 10 1 3 19 7 11 5 9 0 16 14 6 4 2 8  ::: 2287.0
 10 17 18 13 15 7 4 1 12 0 19 2 11 5 6 14 3 8 16 9  ::: 2276.0
 13 7 17 15 3 4 6 1 12 0 5 10 19 14 2 16 11 18 9 8  ::: 2248.0
 13 10 1 5 14 12 19 18 17 0 7 3 2 11 16 15 6 4 8 9  ::: 2269.0
 13 2 17 3 19 7 14 12 4 5 11 18 0 1 15 6 10 16 9 8  ::: 2241.0
 13 7 2 3 12 1 5 11 18 15 17 0 19 14 10 6 4 16 8 9  ::: 2250.0
[PFSP] CELL 118/150 ta024 TS/TSr best=2241 mean=2260.4 gap=1.68% | elapsed 2:55:34 | ETA 0:47:36

---------------------- GA --- GAS

 Experiments to GA
 0
 1
 2
 3
 4
 5
 6
 7
 8
 9


:: Metaheuristic :: GA---GAS[50000]  
:: N. Experiment.:: 10
-----------------------------------
:: Better fitness :: 2243.0
:: Average        :: 2267.9
:: St. Deviation  :: 18.322
:: Better Solution in the experiment :: 8
:: N. Better Solution :: 1
 13 7 2 3 4 19 1 5 14 17 12 0 6 11 10 16 18 15 8 9  ::: 2243.0

 10 17 13 15 7 4 12 0 5 19 6 11 18 8 1 14 2 16 3 9  ::: 2279.0
 13 4 7 12 5 15 3 1 11 18 17 0 19 14 6 2 16 8 10 9  ::: 2256.0
 13 7 17 12 19 2 1 14 11 5 0 6 3 18 15 10 16 4 8 9  ::: 2254.0
 3 18 15 13 1 7 5 19 17 0 12 2 16 14 11 6 4 8 10 9  ::: 2277.0
 10 17 2 13 19 7 12 1 3 5 11 18 15 9 16 14 0 6 4 8  ::: 2276.0
 13 7 10 4 1 5 3 19 14 0 17 2 12 11 6 18 15 9 16 8  ::: 2267.0
 10 17 4 7 5 3 19 14 2 1 13 12 0 11 6 18 15 9 8 16  ::: 2249.0
 13 7 2 3 4 19 1 5 14 17 12 0 6 11 10 16 18 15 8 9  ::: 2243.0
 13 18 9 17 19 1 7 5 0 14 12 11 10 16 15 2 3 6 4 8  ::: 2310.0
 10 17 4 7 5 3 19 1 18 13 12 15 0 14 2 16 11 6 8 9  ::: 2268.0
[PFSP] CELL 119/150 ta024 GA/GAS best=2243 mean=2267.9 gap=2.02% | elapsed 3:01:18 | ETA 0:47:13

---------------------- SA --- SAS

 Experiments to SA
 0
 1
 2
 3
 4
 5
 6
 7
 8
 9


:: Metaheuristic :: SA---SAS[50000]  
:: N. Experiment.:: 10
-----------------------------------
:: Better fitness :: 2383.0
:: Average        :: 2397.8
:: St. Deviation  :: 12.295
:: Better Solution in the experiment :: 6
:: N. Better Solution :: 1
 10 7 3 1 14 4 5 13 17 11 12 15 2 0 6 19 18 9 16 8  ::: 2383.0

 17 13 2 10 1 3 7 12 4 19 14 5 16 15 11 0 18 9 6 8  ::: 2401.0
 7 13 15 14 2 1 12 6 11 19 5 0 18 9 17 8 16 3 10 4  ::: 2400.0
 17 13 1 14 5 10 12 4 11 19 2 0 6 16 7 8 3 18 15 9  ::: 2390.0
 13 5 14 12 19 1 7 4 6 17 11 10 18 0 3 16 8 2 15 9  ::: 2394.0
 7 2 12 4 5 13 17 19 1 3 11 6 0 18 15 16 14 10 9 8  ::: 2390.0
 10 7 3 1 14 4 5 13 17 11 12 15 2 0 6 19 18 9 16 8  ::: 2383.0
 17 13 11 7 1 3 5 19 2 14 16 0 6 4 18 12 8 10 9 15  ::: 2389.0
 2 17 7 10 19 13 14 3 1 5 15 12 0 6 9 11 18 8 16 4  ::: 2424.0
 13 7 1 14 4 0 5 2 11 3 19 6 17 12 15 16 18 10 8 9  ::: 2416.0
 17 7 13 0 12 19 6 5 11 10 1 8 14 16 3 18 15 4 2 9  ::: 2391.0
[PFSP] CELL 120/150 ta024 SA/SAS best=2383 mean=2397.8 gap=7.86% | elapsed 3:04:49 | ETA 0:46:12

-------- instance ------ ta025  (n=20, m=20)

---------------------- TS --- TSc

 Experiments to TS
 0


:: Metaheuristic :: TS---TSc[50000]  
:: N. Experiment.:: 1
-----------------------------------
:: Better fitness :: 2359.0
:: Average        :: 2359.0
:: St. Deviation  :: 0.0
:: Better Solution in the experiment :: 1
:: N. Better Solution :: 1
 9 8 18 14 12 4 1 2 17 10 11 16 3 13 19 0 15 7 6 5  ::: 2359.0

 9 8 18 14 12 4 1 2 17 10 11 16 3 13 19 0 15 7 6 5  ::: 2359.0
[PFSP] CELL 121/150 ta025 TS/TSc best=2359 mean=2359.0 gap=2.97% | elapsed 3:05:14 | ETA 0:44:23

---------------------- TS --- TSattr

 Experiments to TS
 0


:: Metaheuristic :: TS---TSattr[50000]  
:: N. Experiment.:: 1
-----------------------------------
:: Better fitness :: 2359.0
:: Average        :: 2359.0
:: St. Deviation  :: 0.0
:: Better Solution in the experiment :: 1
:: N. Better Solution :: 1
 9 8 18 14 12 4 1 2 17 10 11 16 3 13 19 0 15 7 6 5  ::: 2359.0

 9 8 18 14 12 4 1 2 17 10 11 16 3 13 19 0 15 7 6 5  ::: 2359.0
[PFSP] CELL 122/150 ta025 TS/TSattr best=2359 mean=2359.0 gap=2.97% | elapsed 3:05:34 | ETA 0:42:35

---------------------- TS --- TSr

 Experiments to TS
 0
 1
 2
 3
 4
 5
 6
 7
 8
 9


:: Metaheuristic :: TS---TSr[50000]  
:: N. Experiment.:: 10
-----------------------------------
:: Better fitness :: 2313.0
:: Average        :: 2332.9
:: St. Deviation  :: 16.778
:: Better Solution in the experiment :: 3
:: N. Better Solution :: 1
 9 8 1 18 0 6 14 2 12 3 19 15 16 10 17 13 4 11 5 7  ::: 2313.0

 10 16 13 1 0 8 11 3 17 2 19 9 18 12 6 14 4 15 7 5  ::: 2366.0
 13 8 1 0 16 9 18 2 3 19 15 10 17 14 12 6 4 7 11 5  ::: 2317.0
 9 8 1 18 0 6 14 2 12 3 19 15 16 10 17 13 4 11 5 7  ::: 2313.0
 9 13 1 8 2 15 17 14 18 12 0 16 19 10 11 3 5 4 6 7  ::: 2320.0
 9 18 13 1 2 17 19 3 12 8 0 16 4 11 6 14 15 10 5 7  ::: 2317.0
 9 2 16 19 18 13 1 0 12 15 17 14 11 8 3 7 4 6 10 5  ::: 2344.0
 8 13 1 0 16 9 18 2 17 4 12 6 19 3 15 14 11 10 5 7  ::: 2328.0
 9 8 3 19 1 18 17 15 13 2 16 4 14 0 12 6 10 11 5 7  ::: 2354.0
 9 18 1 0 8 16 14 11 10 3 13 2 12 17 19 4 15 6 7 5  ::: 2330.0
 13 8 1 0 19 3 2 16 17 11 9 18 12 6 14 4 15 10 5 7  ::: 2340.0
[PFSP] CELL 123/150 ta025 TS/TSr best=2313 mean=2332.9 gap=1.83% | elapsed 3:08:57 | ETA 0:41:28

---------------------- GA --- GAS

 Experiments to GA
 0
 1
 2
 3
 4
 5
 6
 7
 8
 9


:: Metaheuristic :: GA---GAS[50000]  
:: N. Experiment.:: 10
-----------------------------------
:: Better fitness :: 2319.0
:: Average        :: 2334.1
:: St. Deviation  :: 12.3
:: Better Solution in the experiment :: 3
:: N. Better Solution :: 1
 9 1 14 0 18 6 19 3 8 2 17 12 4 15 16 11 13 7 10 5  ::: 2319.0

 9 8 1 0 18 10 16 11 14 15 17 13 3 12 4 6 2 19 5 7  ::: 2342.0
 9 8 1 2 18 19 15 10 16 17 14 11 13 3 12 4 0 6 7 5  ::: 2329.0
 9 1 14 0 18 6 19 3 8 2 17 12 4 15 16 11 13 7 10 5  ::: 2319.0
 9 1 0 8 17 15 13 14 2 16 12 19 11 3 6 18 4 10 5 7  ::: 2332.0
 9 10 8 17 14 18 12 1 11 13 3 19 2 16 4 0 15 6 7 5  ::: 2327.0
 9 13 1 8 2 17 14 18 11 3 16 4 12 19 0 15 6 10 5 7  ::: 2344.0
 9 1 2 0 19 3 15 16 17 13 12 14 18 11 8 10 4 6 7 5  ::: 2330.0
 8 13 1 19 18 10 17 14 16 9 2 3 15 4 0 6 12 11 5 7  ::: 2364.0
 9 18 1 0 14 19 15 13 2 17 12 3 8 16 4 11 6 10 7 5  ::: 2323.0
 13 8 1 0 16 9 19 3 12 2 11 15 17 14 18 7 4 6 10 5  ::: 2331.0
[PFSP] CELL 124/150 ta025 GA/GAS best=2319 mean=2334.1 gap=1.88% | elapsed 3:15:00 | ETA 0:40:53

---------------------- SA --- SAS

 Experiments to SA
 0
 1
 2
 3
 4
 5
 6
 7
 8
 9


:: Metaheuristic :: SA---SAS[50000]  
:: N. Experiment.:: 10
-----------------------------------
:: Better fitness :: 2456.0
:: Average        :: 2484.3
:: St. Deviation  :: 15.291
:: Better Solution in the experiment :: 9
:: N. Better Solution :: 1
 9 18 1 10 0 8 12 15 13 7 16 3 4 11 17 14 2 19 6 5  ::: 2456.0

 1 19 3 2 16 13 0 17 8 4 12 9 18 11 6 7 14 15 10 5  ::: 2489.0
 9 17 1 4 2 0 18 11 8 15 13 16 3 12 6 19 5 7 14 10  ::: 2488.0
 1 15 14 12 6 18 0 17 4 16 8 3 13 11 2 19 9 10 5 7  ::: 2490.0
 13 0 10 16 19 15 18 17 1 3 2 11 14 6 12 8 4 9 7 5  ::: 2511.0
 1 16 9 8 0 18 6 2 12 17 19 13 7 11 3 14 15 10 5 4  ::: 2490.0
 8 9 4 19 0 14 2 18 17 12 1 10 15 13 5 3 16 7 11 6  ::: 2484.0
 9 14 15 0 17 1 11 2 10 18 16 12 13 19 3 4 6 8 7 5  ::: 2460.0
 9 8 2 12 4 18 13 19 15 0 14 16 3 1 11 17 5 6 10 7  ::: 2495.0
 9 18 1 10 0 8 12 15 13 7 16 3 4 11 17 14 2 19 6 5  ::: 2456.0
 13 10 8 12 1 15 19 3 18 17 0 16 7 9 2 6 14 4 11 5  ::: 2480.0
[PFSP] CELL 125/150 ta025 SA/SAS best=2456 mean=2484.3 gap=8.44% | elapsed 3:18:44 | ETA 0:39:44

-------- instance ------ ta026  (n=20, m=20)

---------------------- TS --- TSc

 Experiments to TS
 0


:: Metaheuristic :: TS---TSc[50000]  
:: N. Experiment.:: 1
-----------------------------------
:: Better fitness :: 2267.0
:: Average        :: 2267.0
:: St. Deviation  :: 0.0
:: Better Solution in the experiment :: 1
:: N. Better Solution :: 1
 5 7 19 17 16 14 9 1 12 4 8 0 2 6 11 3 10 18 13 15  ::: 2267.0

 5 7 19 17 16 14 9 1 12 4 8 0 2 6 11 3 10 18 13 15  ::: 2267.0
[PFSP] CELL 126/150 ta026 TS/TSc best=2267 mean=2267.0 gap=1.84% | elapsed 3:19:06 | ETA 0:37:55

---------------------- TS --- TSattr

 Experiments to TS
 0


:: Metaheuristic :: TS---TSattr[50000]  
:: N. Experiment.:: 1
-----------------------------------
:: Better fitness :: 2267.0
:: Average        :: 2267.0
:: St. Deviation  :: 0.0
:: Better Solution in the experiment :: 1
:: N. Better Solution :: 1
 5 7 19 17 16 14 9 1 12 4 8 0 2 6 11 3 10 18 13 15  ::: 2267.0

 5 7 19 17 16 14 9 1 12 4 8 0 2 6 11 3 10 18 13 15  ::: 2267.0
[PFSP] CELL 127/150 ta026 TS/TSattr best=2267 mean=2267.0 gap=1.84% | elapsed 3:19:26 | ETA 0:36:07

---------------------- TS --- TSr

 Experiments to TS
 0
 1
 2
 3
 4
 5
 6
 7
 8
 9


:: Metaheuristic :: TS---TSr[50000]  
:: N. Experiment.:: 10
-----------------------------------
:: Better fitness :: 2229.0
:: Average        :: 2251.4
:: St. Deviation  :: 15.279
:: Better Solution in the experiment :: 7
:: N. Better Solution :: 1
 5 17 14 12 1 15 7 8 0 2 6 16 9 4 11 3 10 19 13 18  ::: 2229.0

 5 15 12 14 17 1 4 11 0 8 10 3 7 9 19 2 13 16 6 18  ::: 2269.0
 5 17 14 7 12 19 15 9 1 4 8 16 10 2 0 6 11 3 13 18  ::: 2247.0
 5 13 17 10 1 7 4 8 0 16 2 14 6 12 9 3 18 19 11 15  ::: 2244.0
 5 17 1 4 16 14 7 8 15 0 10 2 6 11 12 13 9 3 18 19  ::: 2267.0
 5 13 17 10 0 1 12 2 4 19 14 8 16 15 7 6 3 9 11 18  ::: 2257.0
 5 14 13 17 1 4 12 10 15 7 6 8 0 16 9 2 18 11 3 19  ::: 2255.0
 5 17 14 12 1 15 7 8 0 2 6 16 9 4 11 3 10 19 13 18  ::: 2229.0
 5 13 17 1 4 14 12 15 7 8 16 9 10 19 0 2 3 6 11 18  ::: 2238.0
 5 12 17 14 9 1 7 15 4 8 0 16 2 6 11 3 10 19 13 18  ::: 2232.0
 5 12 17 14 9 1 7 0 6 2 18 4 11 8 19 10 3 13 16 15  ::: 2276.0
[PFSP] CELL 128/150 ta026 TS/TSr best=2229 mean=2251.4 gap=1.14% | elapsed 3:22:47 | ETA 0:34:51

---------------------- GA --- GAS

 Experiments to GA
 0
 1
 2
 3
 4
 5
 6
 7
 8
 9


:: Metaheuristic :: GA---GAS[50000]  
:: N. Experiment.:: 10
-----------------------------------
:: Better fitness :: 2234.0
:: Average        :: 2263.5
:: St. Deviation  :: 17.293
:: Better Solution in the experiment :: 1
:: N. Better Solution :: 1
 5 12 14 17 10 1 7 19 9 4 8 0 16 3 6 11 18 2 13 15  ::: 2234.0

 5 12 14 17 10 1 7 19 9 4 8 0 16 3 6 11 18 2 13 15  ::: 2234.0
 17 14 5 13 1 7 8 0 10 12 2 4 15 19 9 16 3 6 11 18  ::: 2271.0
 5 12 14 13 17 1 4 9 8 0 10 2 16 7 19 3 6 11 15 18  ::: 2252.0
 12 1 0 4 17 14 5 11 7 8 10 19 9 13 16 2 6 3 18 15  ::: 2264.0
 5 13 17 14 12 7 19 9 4 8 0 10 2 18 15 6 3 16 1 11  ::: 2286.0
 5 13 12 0 1 17 14 8 16 9 10 19 2 4 15 7 3 6 11 18  ::: 2246.0
 5 7 17 12 0 1 9 4 2 6 8 16 10 19 3 14 11 15 13 18  ::: 2261.0
 13 12 0 1 17 14 8 16 5 9 2 4 7 19 10 3 6 11 15 18  ::: 2281.0
 17 4 1 5 14 7 12 13 19 15 9 3 6 8 16 2 10 0 11 18  ::: 2289.0
 17 14 5 13 12 2 1 7 19 9 4 0 6 3 8 16 11 15 10 18  ::: 2251.0
[PFSP] CELL 129/150 ta026 GA/GAS best=2234 mean=2263.5 gap=1.68% | elapsed 3:29:02 | ETA 0:34:01

---------------------- SA --- SAS

 Experiments to SA
 0
 1
 2
 3
 4
 5
 6
 7
 8
 9


:: Metaheuristic :: SA---SAS[50000]  
:: N. Experiment.:: 10
-----------------------------------
:: Better fitness :: 2379.0
:: Average        :: 2395.6
:: St. Deviation  :: 12.435
:: Better Solution in the experiment :: 5
:: N. Better Solution :: 1
 13 1 14 17 0 11 4 16 7 2 6 12 8 5 10 15 9 3 18 19  ::: 2379.0

 5 13 16 12 2 17 1 6 3 10 0 8 7 9 4 14 11 19 15 18  ::: 2387.0
 1 17 5 7 3 14 4 9 16 12 19 0 8 2 11 15 10 18 13 6  ::: 2417.0
 5 15 17 14 13 1 0 10 4 7 16 6 12 9 2 11 8 18 3 19  ::: 2385.0
 17 16 5 10 13 1 7 19 14 8 6 9 2 12 3 15 0 4 11 18  ::: 2411.0
 13 1 14 17 0 11 4 16 7 2 6 12 8 5 10 15 9 3 18 19  ::: 2379.0
 14 1 5 16 17 3 10 7 4 2 0 19 8 11 12 13 9 18 6 15  ::: 2392.0
 12 5 10 7 1 6 0 17 4 9 2 16 19 8 14 3 11 15 13 18  ::: 2391.0
 13 9 0 12 2 1 4 5 7 15 17 10 19 14 6 3 8 16 18 11  ::: 2405.0
 5 13 12 14 17 19 16 0 6 3 11 10 7 2 9 4 8 18 1 15  ::: 2406.0
 5 13 3 10 1 14 0 15 4 8 7 9 6 12 19 2 16 17 11 18  ::: 2383.0
[PFSP] CELL 130/150 ta026 SA/SAS best=2379 mean=2395.6 gap=7.62% | elapsed 3:32:38 | ETA 0:32:42

-------- instance ------ ta027  (n=20, m=20)

---------------------- TS --- TSc

 Experiments to TS
 0


:: Metaheuristic :: TS---TSc[50000]  
:: N. Experiment.:: 1
-----------------------------------
:: Better fitness :: 2308.0
:: Average        :: 2308.0
:: St. Deviation  :: 0.0
:: Better Solution in the experiment :: 1
:: N. Better Solution :: 1
 9 11 15 10 13 7 4 19 18 17 0 3 5 14 8 6 16 1 2 12  ::: 2308.0

 9 11 15 10 13 7 4 19 18 17 0 3 5 14 8 6 16 1 2 12  ::: 2308.0
[PFSP] CELL 131/150 ta027 TS/TSc best=2308 mean=2308.0 gap=1.54% | elapsed 3:33:01 | ETA 0:30:53

---------------------- TS --- TSattr

 Experiments to TS
 0


:: Metaheuristic :: TS---TSattr[50000]  
:: N. Experiment.:: 1
-----------------------------------
:: Better fitness :: 2308.0
:: Average        :: 2308.0
:: St. Deviation  :: 0.0
:: Better Solution in the experiment :: 1
:: N. Better Solution :: 1
 9 11 15 10 13 7 4 19 18 17 0 3 5 14 8 6 16 1 2 12  ::: 2308.0

 9 11 15 10 13 7 4 19 18 17 0 3 5 14 8 6 16 1 2 12  ::: 2308.0
[PFSP] CELL 132/150 ta027 TS/TSattr best=2308 mean=2308.0 gap=1.54% | elapsed 3:33:21 | ETA 0:29:05

---------------------- TS --- TSr

 Experiments to TS
 0
 1
 2
 3
 4
 5
 6
 7
 8
 9


:: Metaheuristic :: TS---TSr[50000]  
:: N. Experiment.:: 10
-----------------------------------
:: Better fitness :: 2291.0
:: Average        :: 2309.5
:: St. Deviation  :: 12.94
:: Better Solution in the experiment :: 5
:: N. Better Solution :: 1
 9 11 4 15 10 3 1 13 5 14 19 18 17 0 8 6 16 7 2 12  ::: 2291.0

 15 4 11 1 10 13 17 0 9 5 6 2 3 18 8 19 7 14 16 12  ::: 2329.0
 9 11 4 15 10 1 19 7 13 5 14 16 3 18 17 8 0 6 2 12  ::: 2301.0
 4 15 1 13 5 11 0 9 14 2 19 7 10 6 16 3 18 17 8 12  ::: 2335.0
 9 11 15 10 8 0 1 13 19 7 17 3 18 5 2 12 14 4 6 16  ::: 2312.0
 9 11 4 15 10 3 1 13 5 14 19 18 17 0 8 6 16 7 2 12  ::: 2291.0
 9 11 15 4 6 18 1 3 0 13 17 5 8 7 10 2 19 14 16 12  ::: 2298.0
 4 14 3 11 8 15 5 18 1 10 13 17 0 9 19 6 16 7 2 12  ::: 2306.0
 4 15 10 8 18 1 13 17 5 19 0 3 14 11 12 7 2 9 6 16  ::: 2310.0
 4 15 1 10 14 19 7 13 11 6 16 3 18 17 0 9 5 2 8 12  ::: 2312.0
 16 4 11 8 19 14 3 10 13 17 7 9 6 18 1 5 15 0 2 12  ::: 2301.0
[PFSP] CELL 133/150 ta027 TS/TSr best=2291 mean=2309.5 gap=1.61% | elapsed 3:36:44 | ETA 0:27:42

---------------------- GA --- GAS

 Experiments to GA
 0
 1
 2
 3
 4
 5
 6
 7
 8
 9


:: Metaheuristic :: GA---GAS[50000]  
:: N. Experiment.:: 10
-----------------------------------
:: Better fitness :: 2312.0
:: Average        :: 2340.7
:: St. Deviation  :: 26.1
:: Better Solution in the experiment :: 1
:: N. Better Solution :: 2
 4 10 13 9 8 0 11 1 19 14 3 18 17 5 15 6 16 7 2 12  ::: 2312.0

 4 10 13 9 8 0 11 1 19 14 3 18 17 5 15 6 16 7 2 12  ::: 2312.0
 4 8 3 14 11 13 16 15 0 5 19 18 7 17 6 9 1 10 2 12  ::: 2342.0
 16 9 5 14 11 7 8 0 10 4 6 13 2 3 1 19 18 17 15 12  ::: 2345.0
 9 11 8 15 16 3 10 13 5 7 4 18 17 0 19 1 2 6 14 12  ::: 2334.0
 4 11 6 18 8 13 16 0 9 5 1 2 19 3 10 14 7 17 15 12  ::: 2349.0
 15 4 11 1 5 14 16 3 10 13 2 19 7 17 0 18 9 8 6 12  ::: 2329.0
 4 11 16 10 15 13 5 0 3 14 18 17 1 19 7 9 6 2 8 12  ::: 2318.0
 16 4 13 9 11 8 0 5 18 1 3 19 7 17 15 10 14 6 2 12  ::: 2312.0
 9 14 11 16 17 15 18 0 13 19 4 5 1 10 6 3 2 7 8 12  ::: 2403.0
 11 4 17 3 5 15 14 0 1 10 13 7 9 6 2 19 8 18 16 12  ::: 2363.0
[PFSP] CELL 134/150 ta027 GA/GAS best=2312 mean=2340.7 gap=2.98% | elapsed 3:43:14 | ETA 0:26:39

---------------------- SA --- SAS

 Experiments to SA
 0
 1
 2
 3
 4
 5
 6
 7
 8
 9


:: Metaheuristic :: SA---SAS[50000]  
:: N. Experiment.:: 10
-----------------------------------
:: Better fitness :: 2396.0
:: Average        :: 2435.5
:: St. Deviation  :: 15.187
:: Better Solution in the experiment :: 3
:: N. Better Solution :: 1
 16 4 14 9 15 5 13 17 0 1 3 8 18 7 10 19 11 12 6 2  ::: 2396.0

 16 4 5 14 18 8 10 13 7 1 3 19 17 11 0 9 6 2 12 15  ::: 2447.0
 11 14 9 15 6 13 19 7 0 4 1 18 3 17 5 10 2 16 8 12  ::: 2434.0
 16 4 14 9 15 5 13 17 0 1 3 8 18 7 10 19 11 12 6 2  ::: 2396.0
 8 14 9 11 10 4 13 0 17 5 3 15 2 19 1 7 18 16 6 12  ::: 2437.0
 11 16 4 6 17 3 10 0 14 13 7 1 18 9 2 19 8 5 15 12  ::: 2445.0
 16 11 4 1 9 7 5 2 18 12 10 13 17 3 6 19 14 8 15 0  ::: 2434.0
 9 11 8 15 0 17 1 4 3 6 13 18 7 10 2 12 19 5 14 16  ::: 2434.0
 9 8 14 7 13 5 17 18 1 11 3 6 19 0 4 15 2 16 10 12  ::: 2458.0
 16 11 8 4 15 10 13 9 5 17 6 3 1 18 0 7 14 12 2 19  ::: 2437.0
 15 9 1 3 5 2 4 18 13 17 0 7 11 10 6 8 19 12 14 16  ::: 2433.0
[PFSP] CELL 135/150 ta027 SA/SAS best=2396 mean=2435.5 gap=7.15% | elapsed 3:47:05 | ETA 0:25:13

-------- instance ------ ta028  (n=20, m=20)

---------------------- TS --- TSc

 Experiments to TS
 0


:: Metaheuristic :: TS---TSc[50000]  
:: N. Experiment.:: 1
-----------------------------------
:: Better fitness :: 2231.0
:: Average        :: 2231.0
:: St. Deviation  :: 0.0
:: Better Solution in the experiment :: 1
:: N. Better Solution :: 1
 3 1 15 9 19 5 0 4 13 6 8 12 2 16 18 10 7 17 14 11  ::: 2231.0

 3 1 15 9 19 5 0 4 13 6 8 12 2 16 18 10 7 17 14 11  ::: 2231.0
[PFSP] CELL 136/150 ta028 TS/TSc best=2231 mean=2231.0 gap=1.41% | elapsed 3:47:28 | ETA 0:23:24

---------------------- TS --- TSattr

 Experiments to TS
 0


:: Metaheuristic :: TS---TSattr[50000]  
:: N. Experiment.:: 1
-----------------------------------
:: Better fitness :: 2239.0
:: Average        :: 2239.0
:: St. Deviation  :: 0.0
:: Better Solution in the experiment :: 1
:: N. Better Solution :: 1
 3 1 15 9 19 4 0 13 16 6 2 10 5 18 12 11 7 17 14 8  ::: 2239.0

 3 1 15 9 19 4 0 13 16 6 2 10 5 18 12 11 7 17 14 8  ::: 2239.0
[PFSP] CELL 137/150 ta028 TS/TSattr best=2239 mean=2239.0 gap=1.77% | elapsed 3:47:50 | ETA 0:21:37

---------------------- TS --- TSr

 Experiments to TS
 0
 1
 2
 3
 4
 5
 6
 7
 8
 9


:: Metaheuristic :: TS---TSr[50000]  
:: N. Experiment.:: 10
-----------------------------------
:: Better fitness :: 2204.0
:: Average        :: 2223.8
:: St. Deviation  :: 14.524
:: Better Solution in the experiment :: 5
:: N. Better Solution :: 1
 3 16 4 12 19 15 9 13 6 1 10 7 17 11 2 5 18 0 8 14  ::: 2204.0

 3 9 16 1 4 15 12 10 18 0 13 7 8 19 11 2 5 6 17 14  ::: 2240.0
 4 19 3 9 16 10 1 15 13 6 12 11 2 0 8 18 7 17 5 14  ::: 2238.0
 3 9 16 4 12 10 1 15 13 6 2 5 19 11 18 7 17 14 8 0  ::: 2210.0
 3 1 9 16 10 17 6 4 7 2 8 12 19 15 13 18 11 0 5 14  ::: 2248.0
 3 16 4 12 19 15 9 13 6 1 10 7 17 11 2 5 18 0 8 14  ::: 2204.0
 3 16 19 4 15 9 13 6 12 1 2 10 17 5 7 18 0 8 14 11  ::: 2217.0
 3 19 4 15 9 13 7 10 6 1 16 8 12 11 2 0 5 18 17 14  ::: 2234.0
 3 16 19 4 15 9 13 6 1 10 7 17 18 12 8 2 5 14 11 0  ::: 2208.0
 3 19 4 15 9 13 6 7 1 8 12 2 16 10 17 5 18 11 0 14  ::: 2224.0
 4 1 15 9 19 3 16 10 17 13 18 6 12 14 11 2 5 7 8 0  ::: 2215.0
[PFSP] CELL 138/150 ta028 TS/TSr best=2204 mean=2223.8 gap=1.08% | elapsed 3:53:15 | ETA 0:20:16

---------------------- GA --- GAS

 Experiments to GA
 0
 1
 2
 3
 4
 5
 6
 7
 8
 9


:: Metaheuristic :: GA---GAS[50000]  
:: N. Experiment.:: 10
-----------------------------------
:: Better fitness :: 2209.0
:: Average        :: 2260.4
:: St. Deviation  :: 29.032
:: Better Solution in the experiment :: 4
:: N. Better Solution :: 1
 3 9 16 4 19 5 12 10 1 15 18 13 6 2 7 14 17 11 0 8  ::: 2209.0

 3 9 7 1 19 17 4 15 10 13 6 12 8 2 16 18 11 0 5 14  ::: 2223.0
 4 3 5 9 1 7 0 10 17 6 15 19 13 18 8 14 11 12 2 16  ::: 2288.0
 3 1 9 17 6 19 4 14 12 8 0 11 5 18 15 10 13 7 2 16  ::: 2298.0
 3 9 16 4 19 5 12 10 1 15 18 13 6 2 7 14 17 11 0 8  ::: 2209.0
 4 3 9 14 7 5 19 15 6 1 0 8 11 12 10 17 18 13 2 16  ::: 2300.0
 3 16 19 5 0 4 9 10 1 15 13 7 8 6 12 14 18 2 11 17  ::: 2278.0
 3 1 7 4 15 9 16 17 6 19 11 5 10 8 12 2 13 18 14 0  ::: 2253.0
 4 19 3 5 12 10 15 9 7 1 16 13 6 2 18 11 17 14 0 8  ::: 2247.0
 4 3 12 15 9 1 16 10 18 0 13 6 2 8 19 11 7 17 5 14  ::: 2251.0
 3 4 6 19 1 16 15 9 5 12 10 2 0 8 18 13 7 17 11 14  ::: 2257.0
[PFSP] CELL 139/150 ta028 GA/GAS best=2209 mean=2260.4 gap=2.75% | elapsed 11:34:27 | ETA 0:54:57

---------------------- SA --- SAS

 Experiments to SA
 0
 1
 2
 3
 4
 5
 6
 7
 8
 9


:: Metaheuristic :: SA---SAS[50000]  
:: N. Experiment.:: 10
-----------------------------------
:: Better fitness :: 2339.0
:: Average        :: 2367.3
:: St. Deviation  :: 13.631
:: Better Solution in the experiment :: 9
:: N. Better Solution :: 1
 3 15 9 1 13 19 18 17 10 4 12 16 2 5 6 7 14 11 8 0  ::: 2339.0

 3 16 4 10 19 9 1 6 0 5 7 18 2 13 8 12 11 14 15 17  ::: 2369.0
 3 9 19 15 16 1 7 4 11 17 6 10 13 12 2 0 8 18 5 14  ::: 2352.0
 4 1 3 13 9 0 18 6 12 8 7 10 19 15 2 11 16 5 17 14  ::: 2371.0
 4 3 16 1 13 14 11 10 19 9 2 17 6 12 15 5 7 0 8 18  ::: 2386.0
 4 3 16 1 7 10 13 2 14 9 19 6 15 18 11 17 8 12 5 0  ::: 2381.0
 3 7 1 4 9 13 18 17 6 15 11 19 10 12 16 2 14 5 8 0  ::: 2361.0
 4 9 1 16 19 5 7 15 10 18 6 13 12 3 17 2 8 14 0 11  ::: 2362.0
 4 3 5 10 2 19 12 15 1 0 9 7 16 13 6 17 11 18 8 14  ::: 2371.0
 3 15 9 1 13 19 18 17 10 4 12 16 2 5 6 7 14 11 8 0  ::: 2339.0
 4 7 18 3 9 12 10 1 16 8 15 19 13 14 6 2 11 5 17 0  ::: 2381.0
[PFSP] CELL 140/150 ta028 SA/SAS best=2339 mean=2367.3 gap=7.60% | elapsed 11:38:41 | ETA 0:49:54

-------- instance ------ ta029  (n=20, m=20)

---------------------- TS --- TSc

 Experiments to TS
 0


:: Metaheuristic :: TS---TSc[50000]  
:: N. Experiment.:: 1
-----------------------------------
:: Better fitness :: 2276.0
:: Average        :: 2276.0
:: St. Deviation  :: 0.0
:: Better Solution in the experiment :: 1
:: N. Better Solution :: 1
 0 16 7 1 12 13 6 2 9 5 14 17 3 8 11 19 10 15 18 4  ::: 2276.0

 0 16 7 1 12 13 6 2 9 5 14 17 3 8 11 19 10 15 18 4  ::: 2276.0
[PFSP] CELL 141/150 ta029 TS/TSc best=2276 mean=2276.0 gap=1.74% | elapsed 11:39:04 | ETA 0:44:37

---------------------- TS --- TSattr

 Experiments to TS
 0


:: Metaheuristic :: TS---TSattr[50000]  
:: N. Experiment.:: 1
-----------------------------------
:: Better fitness :: 2273.0
:: Average        :: 2273.0
:: St. Deviation  :: 0.0
:: Better Solution in the experiment :: 1
:: N. Better Solution :: 1
 0 16 13 6 12 7 2 1 9 5 14 17 10 3 8 11 19 15 18 4  ::: 2273.0

 0 16 13 6 12 7 2 1 9 5 14 17 10 3 8 11 19 15 18 4  ::: 2273.0
[PFSP] CELL 142/150 ta029 TS/TSattr best=2273 mean=2273.0 gap=1.61% | elapsed 11:39:26 | ETA 0:39:24

---------------------- TS --- TSr

 Experiments to TS
 0
 1
 2
 3
 4
 5
 6
 7
 8
 9


:: Metaheuristic :: TS---TSr[50000]  
:: N. Experiment.:: 10
-----------------------------------
:: Better fitness :: 2237.0
:: Average        :: 2268.7
:: St. Deviation  :: 21.005
:: Better Solution in the experiment :: 5
:: N. Better Solution :: 1
 0 7 13 5 1 12 6 17 16 3 2 10 14 19 8 9 11 15 18 4  ::: 2237.0

 0 13 17 8 12 2 1 19 6 14 7 5 9 10 16 3 11 15 18 4  ::: 2286.0
 0 13 5 12 2 1 7 6 3 11 10 17 19 9 14 8 16 15 18 4  ::: 2268.0
 0 7 12 13 6 5 2 1 19 9 14 17 10 8 16 3 11 15 18 4  ::: 2260.0
 0 7 16 3 5 1 12 9 13 8 11 10 2 19 6 17 14 15 18 4  ::: 2251.0
 0 7 13 5 1 12 6 17 16 3 2 10 14 19 8 9 11 15 18 4  ::: 2237.0
 0 16 13 15 9 14 7 5 1 12 8 6 11 17 3 10 2 19 18 4  ::: 2283.0
 0 7 13 6 5 2 1 19 9 16 3 12 10 17 8 14 11 15 18 4  ::: 2254.0
 0 12 19 13 6 7 14 5 9 10 1 17 8 16 3 11 2 15 18 4  ::: 2302.0
 13 5 2 1 7 16 3 6 12 10 17 19 9 0 8 14 11 15 4 18  ::: 2297.0
 0 7 12 13 6 5 9 11 2 1 3 17 10 14 19 8 16 15 18 4  ::: 2249.0
[PFSP] CELL 143/150 ta029 TS/TSr best=2237 mean=2268.7 gap=1.42% | elapsed 11:43:08 | ETA 0:34:25

---------------------- GA --- GAS

 Experiments to GA
 0
 1
 2
 3
 4
 5
 6
 7
 8
 9


:: Metaheuristic :: GA---GAS[50000]  
:: N. Experiment.:: 10
-----------------------------------
:: Better fitness :: 2252.0
:: Average        :: 2286.1
:: St. Deviation  :: 29.331
:: Better Solution in the experiment :: 2
:: N. Better Solution :: 1
 0 16 7 13 5 1 12 6 17 9 3 11 2 8 10 14 19 15 4 18  ::: 2252.0

 0 7 15 2 9 11 8 1 16 3 5 12 13 19 10 6 17 14 18 4  ::: 2317.0
 0 16 7 13 5 1 12 6 17 9 3 11 2 8 10 14 19 15 4 18  ::: 2252.0
 2 1 0 5 13 9 11 3 12 19 15 8 10 16 7 6 17 14 4 18  ::: 2357.0
 0 5 7 1 12 13 18 14 10 17 2 6 19 9 8 16 3 11 15 4  ::: 2279.0
 0 16 13 7 6 1 12 17 8 14 5 9 10 3 11 2 19 15 18 4  ::: 2265.0
 0 7 13 5 1 12 16 17 18 9 3 11 6 2 8 10 14 19 15 4  ::: 2263.0
 0 7 13 6 12 5 2 1 9 11 17 3 18 10 14 19 8 16 15 4  ::: 2273.0
 0 13 12 5 2 19 1 9 17 16 7 8 6 11 3 10 18 14 15 4  ::: 2278.0
 0 2 1 7 13 6 17 5 9 3 12 11 8 18 10 14 19 16 15 4  ::: 2298.0
 0 13 6 7 2 1 12 5 9 16 3 10 17 8 14 11 19 15 18 4  ::: 2279.0
[PFSP] CELL 144/150 ta029 GA/GAS best=2252 mean=2286.1 gap=2.19% | elapsed 11:50:43 | ETA 0:29:36

---------------------- SA --- SAS

 Experiments to SA
 0
 1
 2
 3
 4
 5
 6
 7
 8
 9


:: Metaheuristic :: SA---SAS[50000]  
:: N. Experiment.:: 10
-----------------------------------
:: Better fitness :: 2412.0
:: Average        :: 2437.1
:: St. Deviation  :: 19.352
:: Better Solution in the experiment :: 7
:: N. Better Solution :: 1
 0 13 5 16 1 12 19 17 15 7 6 2 18 9 8 11 4 3 10 14  ::: 2412.0

 5 2 17 1 6 7 13 11 15 3 10 14 0 12 8 19 9 16 4 18  ::: 2471.0
 0 13 6 7 12 16 1 5 11 14 8 3 2 9 17 19 10 4 15 18  ::: 2431.0
 16 7 12 9 13 2 1 11 6 17 19 0 8 5 15 10 14 4 3 18  ::: 2422.0
 0 7 5 13 11 19 6 2 1 8 15 9 12 10 16 14 3 17 4 18  ::: 2420.0
 0 2 12 13 11 9 5 10 17 7 1 6 14 3 15 8 16 19 4 18  ::: 2419.0
 0 12 1 2 16 13 7 18 11 6 17 14 15 8 5 3 9 10 4 19  ::: 2451.0
 0 13 5 16 1 12 19 17 15 7 6 2 18 9 8 11 4 3 10 14  ::: 2412.0
 0 2 5 6 17 13 11 7 12 1 19 16 3 14 8 10 15 18 9 4  ::: 2444.0
 0 16 7 13 11 18 12 3 10 17 2 1 6 14 19 8 4 5 9 15  ::: 2466.0
 0 13 1 12 16 10 11 9 14 3 5 2 6 15 17 7 4 8 19 18  ::: 2435.0
[PFSP] CELL 145/150 ta029 SA/SAS best=2412 mean=2437.1 gap=8.95% | elapsed 11:54:46 | ETA 0:24:38

-------- instance ------ ta030  (n=20, m=20)

---------------------- TS --- TSc

 Experiments to TS
 0


:: Metaheuristic :: TS---TSc[50000]  
:: N. Experiment.:: 1
-----------------------------------
:: Better fitness :: 2219.0
:: Average        :: 2219.0
:: St. Deviation  :: 0.0
:: Better Solution in the experiment :: 1
:: N. Better Solution :: 1
 2 6 5 16 7 1 10 18 14 11 8 9 15 12 4 17 0 3 19 13  ::: 2219.0

 2 6 5 16 7 1 10 18 14 11 8 9 15 12 4 17 0 3 19 13  ::: 2219.0
[PFSP] CELL 146/150 ta030 TS/TSc best=2219 mean=2219.0 gap=1.88% | elapsed 11:55:15 | ETA 0:19:35

---------------------- TS --- TSattr

 Experiments to TS
 0


:: Metaheuristic :: TS---TSattr[50000]  
:: N. Experiment.:: 1
-----------------------------------
:: Better fitness :: 2232.0
:: Average        :: 2232.0
:: St. Deviation  :: 0.0
:: Better Solution in the experiment :: 1
:: N. Better Solution :: 1
 5 2 16 7 6 1 10 18 14 11 8 9 15 12 4 17 0 3 19 13  ::: 2232.0

 5 2 16 7 6 1 10 18 14 11 8 9 15 12 4 17 0 3 19 13  ::: 2232.0
[PFSP] CELL 147/150 ta030 TS/TSattr best=2232 mean=2232.0 gap=2.48% | elapsed 11:55:46 | ETA 0:14:36

---------------------- TS --- TSr

 Experiments to TS
 0
 1
 2
 3
 4
 5
 6
 7
 8
 9


:: Metaheuristic :: TS---TSr[50000]  
:: N. Experiment.:: 10
-----------------------------------
:: Better fitness :: 2183.0
:: Average        :: 2208.6
:: St. Deviation  :: 25.216
:: Better Solution in the experiment :: 4
:: N. Better Solution :: 1
 2 6 11 5 12 16 3 14 7 17 0 1 10 18 9 4 19 8 15 13  ::: 2183.0

 2 6 16 18 5 12 3 7 17 0 1 10 14 11 9 4 19 8 15 13  ::: 2199.0
 2 6 11 9 16 12 3 7 1 10 18 14 4 17 0 19 5 8 15 13  ::: 2201.0
 6 2 7 14 16 18 5 12 17 11 0 10 1 4 8 9 19 15 3 13  ::: 2233.0
 2 6 11 5 12 16 3 14 7 17 0 1 10 18 9 4 19 8 15 13  ::: 2183.0
 2 6 5 12 14 16 3 18 11 1 0 7 17 9 10 4 19 8 15 13  ::: 2188.0
 2 6 11 5 12 1 4 10 14 16 18 8 9 7 17 0 3 19 15 13  ::: 2185.0
 2 6 11 5 9 12 16 17 0 1 10 14 18 7 4 3 19 8 15 13  ::: 2198.0
 2 6 11 9 16 5 1 0 10 14 12 4 19 3 18 7 17 8 15 13  ::: 2196.0
 2 6 11 0 18 9 7 1 16 4 10 14 17 13 5 12 19 3 15 8  ::: 2248.0
 6 5 12 2 16 18 14 15 0 11 7 1 10 13 9 4 19 3 17 8  ::: 2255.0
[PFSP] CELL 148/150 ta030 TS/TSr best=2183 mean=2208.6 gap=1.40% | elapsed 12:00:35 | ETA 0:09:44

---------------------- GA --- GAS

 Experiments to GA
 0
 1
 2
 3
 4
 5
 6
 7
 8
 9


:: Metaheuristic :: GA---GAS[50000]  
:: N. Experiment.:: 10
-----------------------------------
:: Better fitness :: 2203.0
:: Average        :: 2254.5
:: St. Deviation  :: 27.8
:: Better Solution in the experiment :: 2
:: N. Better Solution :: 1
 2 6 5 12 14 16 0 11 4 1 8 10 18 7 17 9 3 19 15 13  ::: 2203.0

 12 6 14 8 16 2 5 7 17 9 4 10 3 18 15 11 0 1 19 13  ::: 2276.0
 2 6 5 12 14 16 0 11 4 1 8 10 18 7 17 9 3 19 15 13  ::: 2203.0
 6 11 5 12 14 7 17 9 1 16 0 3 10 4 2 15 18 19 13 8  ::: 2244.0
 11 7 6 14 2 5 12 1 16 10 18 9 4 17 0 19 8 3 15 13  ::: 2266.0
 6 5 9 16 18 7 3 10 13 14 11 0 12 1 4 19 2 15 17 8  ::: 2297.0
 2 12 18 14 6 5 16 7 8 9 4 15 3 10 11 1 0 17 19 13  ::: 2244.0
 2 6 8 12 18 14 11 9 7 1 5 10 4 16 17 0 3 15 19 13  ::: 2239.0
 6 11 14 12 0 18 1 4 16 13 5 10 2 7 17 9 19 3 15 8  ::: 2246.0
 2 6 11 1 0 14 7 16 17 5 12 4 3 10 18 19 13 9 15 8  ::: 2234.0
 11 12 6 14 4 18 9 16 3 7 17 2 0 19 5 10 1 15 13 8  ::: 2296.0
[PFSP] CELL 149/150 ta030 GA/GAS best=2203 mean=2254.5 gap=3.51% | elapsed 12:08:31 | ETA 0:04:53

---------------------- SA --- SAS

 Experiments to SA
 0
 1
 2
 3
 4
 5
 6
 7
 8
 9


:: Metaheuristic :: SA---SAS[50000]  
:: N. Experiment.:: 10
-----------------------------------
:: Better fitness :: 2349.0
:: Average        :: 2377.7
:: St. Deviation  :: 22.826
:: Better Solution in the experiment :: 3
:: N. Better Solution :: 2
 6 16 2 0 18 11 5 4 3 1 7 8 14 12 19 10 9 17 15 13  ::: 2349.0

 5 6 11 10 8 9 4 18 7 2 16 14 15 13 19 12 0 1 17 3  ::: 2401.0
 5 16 4 18 1 7 14 2 17 0 12 6 10 11 3 8 15 9 19 13  ::: 2414.0
 6 16 2 0 18 11 5 4 3 1 7 8 14 12 19 10 9 17 15 13  ::: 2349.0
 2 5 16 18 6 12 17 11 9 1 0 4 10 3 14 19 13 15 7 8  ::: 2353.0
 12 2 14 6 17 9 16 18 7 5 0 4 19 1 10 13 3 15 11 8  ::: 2349.0
 11 17 5 8 0 1 6 9 16 10 4 14 2 3 19 12 7 18 15 13  ::: 2371.0
 11 6 8 5 7 10 2 4 16 14 19 0 12 15 3 18 1 9 17 13  ::: 2393.0
 2 5 11 9 6 16 12 4 10 3 19 7 17 0 14 18 15 1 8 13  ::: 2360.0
 2 6 9 4 16 5 1 18 15 14 7 17 10 3 0 8 19 12 11 13  ::: 2394.0
 2 5 12 11 9 16 3 6 7 19 0 10 4 18 17 1 8 14 13 15  ::: 2393.0
[PFSP] CELL 150/150 ta030 SA/SAS best=2349 mean=2377.7 gap=9.17% | elapsed 12:15:57 | ETA 0:00:00
[PFSP] STATS todas las celdas completas en 12:15:57; analisis estadistico

:: Instance :: ta001
:: Known optimum :: 1278.0
:: N. Experiment.:: 1
---------------------------------------------------------------
                        Better      N.Bet.   Mean        S.D.        Gap%      Start%    Delta     
---------------------------------------------------------------
TS---TSc[50000]         1286.0000   1        1286.0000   0.0000      0.63      0.63      0.00      
TS---TSattr[50000]      1286.0000   1        1286.0000   0.0000      0.63      0.63      0.00      
TS---TSr[50000]         1297.0000   7        1301.3000   8.1982      1.82      19.16     17.34     
GA---GAS[50000]         1297.0000   8        1299.7000   5.9338      1.70      -         -         
SA---SAS[50000]         1312.0000   2        1318.9000   6.0572      3.20      -         -         

:: Instance :: ta002
:: Known optimum :: 1359.0
:: N. Experiment.:: 1
---------------------------------------------------------------
                        Better      N.Bet.   Mean        S.D.        Gap%      Start%    Delta     
---------------------------------------------------------------
TS---TSc[50000]         1359.0000   1        1359.0000   0.0000      0.00      0.44      0.44      
TS---TSattr[50000]      1365.0000   1        1365.0000   0.0000      0.44      0.44      0.00      
TS---TSr[50000]         1366.0000   6        1370.5000   6.6370      0.85      12.34     11.49     
GA---GAS[50000]         1366.0000   3        1379.2000   9.4425      1.49      -         -         
SA---SAS[50000]         1368.0000   2        1375.3000   5.4415      1.20      -         -         

:: Instance :: ta003
:: Known optimum :: 1081.0
:: N. Experiment.:: 1
---------------------------------------------------------------
                        Better      N.Bet.   Mean        S.D.        Gap%      Start%    Delta     
---------------------------------------------------------------
TS---TSc[50000]         1100.0000   1        1100.0000   0.0000      1.76      7.22      5.46      
TS---TSattr[50000]      1109.0000   1        1109.0000   0.0000      2.59      7.22      4.63      
TS---TSr[50000]         1088.0000   1        1100.9000   12.9031     1.84      29.32     27.47     
GA---GAS[50000]         1098.0000   4        1107.5000   13.0173     2.45      -         -         
SA---SAS[50000]         1158.0000   1        1174.0000   9.9900      8.60      -         -         

:: Instance :: ta004
:: Known optimum :: 1293.0
:: N. Experiment.:: 1
---------------------------------------------------------------
                        Better      N.Bet.   Mean        S.D.        Gap%      Start%    Delta     
---------------------------------------------------------------
TS---TSc[50000]         1302.0000   1        1302.0000   0.0000      0.70      2.47      1.78      
TS---TSattr[50000]      1304.0000   1        1304.0000   0.0000      0.85      2.47      1.62      
TS---TSr[50000]         1293.0000   1        1310.4000   11.7235     1.35      27.81     26.47     
GA---GAS[50000]         1305.0000   1        1325.2000   16.7200     2.49      -         -         
SA---SAS[50000]         1389.0000   1        1410.4000   9.1564      9.08      -         -         

:: Instance :: ta005
:: Known optimum :: 1235.0
:: N. Experiment.:: 1
---------------------------------------------------------------
                        Better      N.Bet.   Mean        S.D.        Gap%      Start%    Delta     
---------------------------------------------------------------
TS---TSc[50000]         1258.0000   1        1258.0000   0.0000      1.86      5.67      3.81      
TS---TSattr[50000]      1258.0000   1        1258.0000   0.0000      1.86      5.67      3.81      
TS---TSr[50000]         1250.0000   4        1262.2000   12.3434     2.20      20.73     18.53     
GA---GAS[50000]         1243.0000   1        1261.8000   23.5236     2.17      -         -         
SA---SAS[50000]         1289.0000   1        1306.1000   8.3958      5.76      -         -         

:: Instance :: ta006
:: Known optimum :: 1195.0
:: N. Experiment.:: 1
---------------------------------------------------------------
                        Better      N.Bet.   Mean        S.D.        Gap%      Start%    Delta     
---------------------------------------------------------------
TS---TSc[50000]         1210.0000   1        1210.0000   0.0000      1.26      2.76      1.51      
TS---TSattr[50000]      1210.0000   1        1210.0000   0.0000      1.26      2.76      1.51      
TS---TSr[50000]         1195.0000   1        1208.5000   4.5000      1.13      27.51     26.38     
GA---GAS[50000]         1210.0000   3        1226.2000   26.5285     2.61      -         -         
SA---SAS[50000]         1269.0000   1        1277.9000   6.2201      6.94      -         -         

:: Instance :: ta007
:: Known optimum :: 1234.0
:: N. Experiment.:: 1
---------------------------------------------------------------
                        Better      N.Bet.   Mean        S.D.        Gap%      Start%    Delta     
---------------------------------------------------------------
TS---TSc[50000]         1251.0000   1        1251.0000   0.0000      1.38      3.57      2.19      
TS---TSattr[50000]      1251.0000   1        1251.0000   0.0000      1.38      3.57      2.19      
TS---TSr[50000]         1251.0000   7        1253.1000   3.3000      1.55      21.95     20.41     
GA---GAS[50000]         1251.0000   7        1255.6000   9.5520      1.75      -         -         
SA---SAS[50000]         1273.0000   1        1284.6000   8.7658      4.10      -         -         

:: Instance :: ta008
:: Known optimum :: 1206.0
:: N. Experiment.:: 1
---------------------------------------------------------------
                        Better      N.Bet.   Mean        S.D.        Gap%      Start%    Delta     
---------------------------------------------------------------
TS---TSc[50000]         1212.0000   1        1212.0000   0.0000      0.50      1.41      0.91      
TS---TSattr[50000]      1212.0000   1        1212.0000   0.0000      0.50      1.41      0.91      
TS---TSr[50000]         1206.0000   1        1218.0000   6.2610      1.00      27.76     26.77     
GA---GAS[50000]         1207.0000   1        1228.9000   19.5215     1.90      -         -         
SA---SAS[50000]         1286.0000   1        1295.3000   8.8323      7.40      -         -         

:: Instance :: ta009
:: Known optimum :: 1230.0
:: N. Experiment.:: 1
---------------------------------------------------------------
                        Better      N.Bet.   Mean        S.D.        Gap%      Start%    Delta     
---------------------------------------------------------------
TS---TSc[50000]         1255.0000   1        1255.0000   0.0000      2.03      4.96      2.93      
TS---TSattr[50000]      1273.0000   1        1273.0000   0.0000      3.50      4.96      1.46      
TS---TSr[50000]         1230.0000   2        1251.7000   12.8845     1.76      29.93     28.16     
GA---GAS[50000]         1236.0000   1        1257.1000   12.3406     2.20      -         -         
SA---SAS[50000]         1292.0000   1        1311.3000   13.1229     6.61      -         -         

:: Instance :: ta010
:: Known optimum :: 1108.0
:: N. Experiment.:: 1
---------------------------------------------------------------
                        Better      N.Bet.   Mean        S.D.        Gap%      Start%    Delta     
---------------------------------------------------------------
TS---TSc[50000]         1151.0000   1        1151.0000   0.0000      3.88      3.88      0.00      
TS---TSattr[50000]      1151.0000   1        1151.0000   0.0000      3.88      3.88      0.00      
TS---TSr[50000]         1120.0000   1        1133.1000   14.2158     2.27      30.45     28.19     
GA---GAS[50000]         1108.0000   1        1140.1000   17.1724     2.90      -         -         
SA---SAS[50000]         1174.0000   1        1193.7000   10.4599     7.73      -         -         

:: Instance :: ta011
:: Known optimum :: 1582.0
:: N. Experiment.:: 1
---------------------------------------------------------------
                        Better      N.Bet.   Mean        S.D.        Gap%      Start%    Delta     
---------------------------------------------------------------
TS---TSc[50000]         1586.0000   1        1586.0000   0.0000      0.25      6.19      5.94      
TS---TSattr[50000]      1586.0000   1        1586.0000   0.0000      0.25      6.19      5.94      
TS---TSr[50000]         1582.0000   1        1610.1000   13.2095     1.78      28.26     26.48     
GA---GAS[50000]         1583.0000   1        1632.0000   34.6987     3.16      -         -         
SA---SAS[50000]         1703.0000   1        1736.5000   19.3404     9.77      -         -         

:: Instance :: ta012
:: Known optimum :: 1659.0
:: N. Experiment.:: 1
---------------------------------------------------------------
                        Better      N.Bet.   Mean        S.D.        Gap%      Start%    Delta     
---------------------------------------------------------------
TS---TSc[50000]         1695.0000   1        1695.0000   0.0000      2.17      4.22      2.05      
TS---TSattr[50000]      1695.0000   1        1695.0000   0.0000      2.17      4.22      2.05      
TS---TSr[50000]         1669.0000   1        1691.1000   26.3646     1.93      26.16     24.23     
GA---GAS[50000]         1671.0000   1        1719.2000   27.9778     3.63      -         -         
SA---SAS[50000]         1795.0000   2        1810.1000   12.5893     9.11      -         -         

:: Instance :: ta013
:: Known optimum :: 1496.0
:: N. Experiment.:: 1
---------------------------------------------------------------
                        Better      N.Bet.   Mean        S.D.        Gap%      Start%    Delta     
---------------------------------------------------------------
TS---TSc[50000]         1520.0000   1        1520.0000   0.0000      1.60      4.08      2.47      
TS---TSattr[50000]      1520.0000   1        1520.0000   0.0000      1.60      4.08      2.47      
TS---TSr[50000]         1509.0000   1        1529.0000   13.6528     2.21      29.95     27.74     
GA---GAS[50000]         1525.0000   1        1552.2000   19.6306     3.76      -         -         
SA---SAS[50000]         1605.0000   1        1644.0000   17.6522     9.89      -         -         

:: Instance :: ta014
:: Known optimum :: 1377.0
:: N. Experiment.:: 1
---------------------------------------------------------------
                        Better      N.Bet.   Mean        S.D.        Gap%      Start%    Delta     
---------------------------------------------------------------
TS---TSc[50000]         1406.0000   1        1406.0000   0.0000      2.11      4.50      2.40      
TS---TSattr[50000]      1406.0000   1        1406.0000   0.0000      2.11      4.50      2.40      
TS---TSr[50000]         1392.0000   1        1404.8000   13.5853     2.02      32.33     30.31     
GA---GAS[50000]         1379.0000   1        1424.5000   26.2726     3.45      -         -         
SA---SAS[50000]         1489.0000   1        1524.2000   14.6751     10.69     -         -         

:: Instance :: ta015
:: Known optimum :: 1419.0
:: N. Experiment.:: 1
---------------------------------------------------------------
                        Better      N.Bet.   Mean        S.D.        Gap%      Start%    Delta     
---------------------------------------------------------------
TS---TSc[50000]         1461.0000   1        1461.0000   0.0000      2.96      5.85      2.89      
TS---TSattr[50000]      1470.0000   1        1470.0000   0.0000      3.59      5.85      2.26      
TS---TSr[50000]         1419.0000   2        1439.8000   17.1628     1.47      33.97     32.51     
GA---GAS[50000]         1434.0000   1        1485.1000   47.4899     4.66      -         -         
SA---SAS[50000]         1553.0000   1        1584.6000   16.0698     11.67     -         -         

:: Instance :: ta016
:: Known optimum :: 1397.0
:: N. Experiment.:: 1
---------------------------------------------------------------
                        Better      N.Bet.   Mean        S.D.        Gap%      Start%    Delta     
---------------------------------------------------------------
TS---TSc[50000]         1431.0000   1        1431.0000   0.0000      2.43      4.01      1.57      
TS---TSattr[50000]      1441.0000   1        1441.0000   0.0000      3.15      4.01      0.86      
TS---TSr[50000]         1406.0000   1        1430.8000   13.4818     2.42      32.36     29.94     
GA---GAS[50000]         1412.0000   1        1437.6000   22.2450     2.91      -         -         
SA---SAS[50000]         1507.0000   1        1542.6000   17.4826     10.42     -         -         

:: Instance :: ta017
:: Known optimum :: 1484.0
:: N. Experiment.:: 1
---------------------------------------------------------------
                        Better      N.Bet.   Mean        S.D.        Gap%      Start%    Delta     
---------------------------------------------------------------
TS---TSc[50000]         1526.0000   1        1526.0000   0.0000      2.83      5.26      2.43      
TS---TSattr[50000]      1526.0000   1        1526.0000   0.0000      2.83      5.26      2.43      
TS---TSr[50000]         1486.0000   1        1517.2000   25.6936     2.24      29.28     27.04     
GA---GAS[50000]         1500.0000   1        1531.0000   16.6313     3.17      -         -         
SA---SAS[50000]         1588.0000   1        1611.3000   12.4181     8.58      -         -         

:: Instance :: ta018
:: Known optimum :: 1538.0
:: N. Experiment.:: 1
---------------------------------------------------------------
                        Better      N.Bet.   Mean        S.D.        Gap%      Start%    Delta     
---------------------------------------------------------------
TS---TSc[50000]         1572.0000   1        1572.0000   0.0000      2.21      4.62      2.41      
TS---TSattr[50000]      1579.0000   1        1579.0000   0.0000      2.67      4.62      1.95      
TS---TSr[50000]         1561.0000   1        1588.9000   24.3247     3.31      29.41     26.11     
GA---GAS[50000]         1563.0000   1        1601.5000   25.0609     4.13      -         -         
SA---SAS[50000]         1657.0000   1        1690.1000   15.7255     9.89      -         -         

:: Instance :: ta019
:: Known optimum :: 1593.0
:: N. Experiment.:: 1
---------------------------------------------------------------
                        Better      N.Bet.   Mean        S.D.        Gap%      Start%    Delta     
---------------------------------------------------------------
TS---TSc[50000]         1619.0000   1        1619.0000   0.0000      1.63      3.39      1.76      
TS---TSattr[50000]      1647.0000   1        1647.0000   0.0000      3.39      3.39      0.00      
TS---TSr[50000]         1612.0000   1        1633.0000   14.6424     2.51      24.49     21.98     
GA---GAS[50000]         1620.0000   1        1632.5000   6.4537      2.48      -         -         
SA---SAS[50000]         1698.0000   1        1716.7000   8.2952      7.77      -         -         

:: Instance :: ta020
:: Known optimum :: 1591.0
:: N. Experiment.:: 1
---------------------------------------------------------------
                        Better      N.Bet.   Mean        S.D.        Gap%      Start%    Delta     
---------------------------------------------------------------
TS---TSc[50000]         1626.0000   1        1626.0000   0.0000      2.20      3.90      1.70      
TS---TSattr[50000]      1636.0000   1        1636.0000   0.0000      2.83      3.90      1.07      
TS---TSr[50000]         1610.0000   1        1630.5000   16.0826     2.48      28.60     26.12     
GA---GAS[50000]         1609.0000   1        1632.4000   15.2591     2.60      -         -         
SA---SAS[50000]         1717.0000   1        1738.9000   14.6728     9.30      -         -         

:: Instance :: ta021
:: Known optimum :: 2297.0
:: N. Experiment.:: 1
---------------------------------------------------------------
                        Better      N.Bet.   Mean        S.D.        Gap%      Start%    C:\Users\Mafer\proyecto_seminario\MHP\statisticc\FriedmanImanHolm.py:164: UserWarning: FigureCanvasAgg is non-interactive, and thus cannot be shown
  plt.show()
Delta     
---------------------------------------------------------------
TS---TSc[50000]         2324.0000   1        2324.0000   0.0000      1.18      4.92      3.74      
TS---TSattr[50000]      2324.0000   1        2324.0000   0.0000      1.18      4.92      3.74      
TS---TSr[50000]         2311.0000   1        2351.1000   23.6535     2.36      21.14     18.78     
GA---GAS[50000]         2315.0000   1        2356.7000   30.4633     2.60      -         -         
SA---SAS[50000]         2457.0000   1        2471.2000   10.5622     7.58      -         -         

:: Instance :: ta022
:: Known optimum :: 2099.0
:: N. Experiment.:: 1
---------------------------------------------------------------
                        Better      N.Bet.   Mean        S.D.        Gap%      Start%    Delta     
---------------------------------------------------------------
TS---TSc[50000]         2119.0000   1        2119.0000   0.0000      0.95      2.43      1.48      
TS---TSattr[50000]      2119.0000   1        2119.0000   0.0000      0.95      2.43      1.48      
TS---TSr[50000]         2116.0000   1        2144.0000   19.5653     2.14      23.98     21.83     
GA---GAS[50000]         2119.0000   1        2150.2000   21.6832     2.44      -         -         
SA---SAS[50000]         2262.0000   1        2285.6000   13.4996     8.89      -         -         

:: Instance :: ta023
:: Known optimum :: 2326.0
:: N. Experiment.:: 1
---------------------------------------------------------------
                        Better      N.Bet.   Mean        S.D.        Gap%      Start%    Delta     
---------------------------------------------------------------
TS---TSc[50000]         2340.0000   1        2340.0000   0.0000      0.60      3.65      3.05      
TS---TSattr[50000]      2351.0000   1        2351.0000   0.0000      1.07      3.65      2.58      
TS---TSr[50000]         2336.0000   1        2366.9000   17.0555     1.76      16.26     14.50     
GA---GAS[50000]         2342.0000   1        2371.2000   13.3776     1.94      -         -         
SA---SAS[50000]         2474.0000   1        2490.7000   12.0420     7.08      -         -         

:: Instance :: ta024
:: Known optimum :: 2223.0
:: N. Experiment.:: 1
---------------------------------------------------------------
                        Better      N.Bet.   Mean        S.D.        Gap%      Start%    Delta     
---------------------------------------------------------------
TS---TSc[50000]         2245.0000   1        2245.0000   0.0000      0.99      1.75      0.76      
TS---TSattr[50000]      2249.0000   1        2249.0000   0.0000      1.17      1.75      0.58      
TS---TSr[50000]         2241.0000   1        2260.4000   16.4207     1.68      23.12     21.43     
GA---GAS[50000]         2243.0000   1        2267.9000   18.3218     2.02      -         -         
SA---SAS[50000]         2383.0000   1        2397.8000   12.2947     7.86      -         -         

:: Instance :: ta025
:: Known optimum :: 2291.0
:: N. Experiment.:: 1
---------------------------------------------------------------
                        Better      N.Bet.   Mean        S.D.        Gap%      Start%    Delta     
---------------------------------------------------------------
TS---TSc[50000]         2359.0000   1        2359.0000   0.0000      2.97      4.63      1.66      
TS---TSattr[50000]      2359.0000   1        2359.0000   0.0000      2.97      4.63      1.66      
TS---TSr[50000]         2313.0000   1        2332.9000   16.7777     1.83      21.34     19.52     
GA---GAS[50000]         2319.0000   1        2334.1000   12.3000     1.88      -         -         
SA---SAS[50000]         2456.0000   1        2484.3000   15.2908     8.44      -         -         

:: Instance :: ta026
:: Known optimum :: 2226.0
:: N. Experiment.:: 1
---------------------------------------------------------------
                        Better      N.Bet.   Mean        S.D.        Gap%      Start%    Delta     
---------------------------------------------------------------
TS---TSc[50000]         2267.0000   1        2267.0000   0.0000      1.84      5.53      3.68      
TS---TSattr[50000]      2267.0000   1        2267.0000   0.0000      1.84      5.53      3.68      
TS---TSr[50000]         2229.0000   1        2251.4000   15.2787     1.14      22.94     21.80     
GA---GAS[50000]         2234.0000   1        2263.5000   17.2931     1.68      -         -         
SA---SAS[50000]         2379.0000   1        2395.6000   12.4354     7.62      -         -         

:: Instance :: ta027
:: Known optimum :: 2273.0
:: N. Experiment.:: 1
---------------------------------------------------------------
                        Better      N.Bet.   Mean        S.D.        Gap%      Start%    Delta     
---------------------------------------------------------------
TS---TSc[50000]         2308.0000   1        2308.0000   0.0000      1.54      3.92      2.38      
TS---TSattr[50000]      2308.0000   1        2308.0000   0.0000      1.54      3.92      2.38      
TS---TSr[50000]         2291.0000   1        2309.5000   12.9402     1.61      18.86     17.25     
GA---GAS[50000]         2312.0000   2        2340.7000   26.1000     2.98      -         -         
SA---SAS[50000]         2396.0000   1        2435.5000   15.1872     7.15      -         -         

:: Instance :: ta028
:: Known optimum :: 2200.0
:: N. Experiment.:: 1
---------------------------------------------------------------
                        Better      N.Bet.   Mean        S.D.        Gap%      Start%    Delta     
---------------------------------------------------------------
TS---TSc[50000]         2231.0000   1        2231.0000   0.0000      1.41      2.23      0.82      
TS---TSattr[50000]      2239.0000   1        2239.0000   0.0000      1.77      2.23      0.45      
TS---TSr[50000]         2204.0000   1        2223.8000   14.5245     1.08      20.49     19.40     
GA---GAS[50000]         2209.0000   1        2260.4000   29.0317     2.75      -         -         
SA---SAS[50000]         2339.0000   1        2367.3000   13.6312     7.60      -         -         

:: Instance :: ta029
:: Known optimum :: 2237.0
:: N. Experiment.:: 1
---------------------------------------------------------------
                        Better      N.Bet.   Mean        S.D.        Gap%      Start%    Delta     
---------------------------------------------------------------
TS---TSc[50000]         2276.0000   1        2276.0000   0.0000      1.74      3.71      1.97      
TS---TSattr[50000]      2273.0000   1        2273.0000   0.0000      1.61      3.71      2.10      
TS---TSr[50000]         2237.0000   1        2268.7000   21.0050     1.42      22.88     21.47     
GA---GAS[50000]         2252.0000   1        2286.1000   29.3307     2.19      -         -         
SA---SAS[50000]         2412.0000   1        2437.1000   19.3517     8.95      -         -         

:: Instance :: ta030
:: Known optimum :: 2178.0
:: N. Experiment.:: 1
---------------------------------------------------------------
                        Better      N.Bet.   Mean        S.D.        Gap%      Start%    Delta     
---------------------------------------------------------------
TS---TSc[50000]         2219.0000   1        2219.0000   0.0000      1.88      4.55      2.66      
TS---TSattr[50000]      2232.0000   1        2232.0000   0.0000      2.48      4.55      2.07      
TS---TSr[50000]         2183.0000   1        2208.6000   25.2159     1.40      26.46     25.06     
GA---GAS[50000]         2203.0000   1        2254.5000   27.8002     3.51      -         -         
SA---SAS[50000]         2349.0000   2        2377.7000   22.8256     9.17      -         -         


:: Friedman input matrix :: 30 instancias x 5 series
:: labels :: ['TS---TSc', 'TS---TSattr', 'TS---TSr', 'GA---GAS', 'SA---SAS']
MIN

Algorithms : 5 --- Instances : 30
-----------------------------------------------

Ranks Matrix   
-----------------------------------------------
[[1.5 1.5 4.  3.  5. ]
 [1.  2.  3.  5.  4. ]
 [1.  4.  2.  3.  5. ]
 [1.  2.  3.  4.  5. ]
 [1.5 1.5 4.  3.  5. ]
 [2.5 2.5 1.  4.  5. ]
 [1.5 1.5 3.  4.  5. ]
 [1.5 1.5 3.  4.  5. ]
 [2.  4.  1.  3.  5. ]
 [3.5 3.5 1.  2.  5. ]
 [1.5 1.5 3.  4.  5. ]
 [2.5 2.5 1.  4.  5. ]
 [1.5 1.5 3.  4.  5. ]
 [2.5 2.5 1.  4.  5. ]
 [2.  3.  1.  4.  5. ]
 [2.  4.  1.  3.  5. ]
 [2.5 2.5 1.  4.  5. ]
 [1.  2.  3.  4.  5. ]
 [1.  4.  3.  2.  5. ]
 [1.  4.  2.  3.  5. ]
 [1.5 1.5 3.  4.  5. ]
 [1.5 1.5 3.  4.  5. ]
 [1.  2.  3.  4.  5. ]
 [1.  2.  3.  4.  5. ]
 [3.5 3.5 1.  2.  5. ]
 [3.5 3.5 1.  2.  5. ]
 [1.5 1.5 3.  4.  5. ]
 [2.  3.  1.  4.  5. ]
 [3.  2.  1.  4.  5. ]
 [2.  3.  1.  4.  5. ]]

Friedman Test
-----------------------------------------------
Friedman value = 78.6133
prob Chi-square function = 1.0
Calculate with degree = 4 and obtain critical value with one sided 
Critical value = 9.4877   alpha = 0.05

Iman-Davenport Test
-----------------------------------------------
Iman-Davenport  = 55.0851
prob F-Function  = 1.0
Calculate with degree = 4 X 116 and obtain critical value with one 
	sided 
Critical value = 2.4499   alpha = 0.05

Holm Test
-----------------------------------------------
Control Algorithm TS---TSc
[tenor p value] if tenor > value then there is differences (see @ 
	symbol)
-----------------------------------------------
1 TS---TSr ::: 0.7348 - 0.05 p 0.2312
2 TS---TSattr ::: 1.633 - 0.025 p 0.0512
3 GA---GAS ::: 4.2458 - 0.0167 p 0.0 @
4 SA---SAS ::: 7.6751 - 0.0125 p 0.0 @


:: boxplot guardado en :: ./DATA/output/PFSP_ranks_boxplot.png
[PFSP] DONE total 12:15:57
